mic,0.0015768725361366622
ric,0.0033448811372595866
par,0.00614024608768367
ara,0.0007645442599450484
lep,0.00045394815434237246
ume,4.778401624656552e-05
ina,0.002126388722972166
all,0.003512125194122566
ner,0.0003344881137259587
tuf,0.00011946004061641381
occ,0.0012184924142874208
mig,0.00047784016246565523
fib,0.0003105961056026759
pas,0.002914824991040497
pre,0.007621550591327201
tac,0.0005734081949587863
ede,0.00011946004061641381
scu,0.0012184924142874208
pet,0.001003464341177876
fri,0.0007406522518217657
met,0.00250866085294469
int,0.00752598255883407
ann,0.0019591446661091864
art,0.001314060446780552
cit,0.0006928682355752001
tes,0.0013857364711504002
del,0.0014574124955202485
abb,0.0024608768366981243
cap,0.004348345478437462
sar,0.0008123282761916139
per,0.006641978258272608
sta,0.004085533389081352
ena,7.167602436984828e-05
adu,0.00047784016246565523
ram,0.0010512483574244415
str,0.005423485843985187
vic,0.0007167602436984828
avv,0.0020786047067256003
dis,0.010799187671723809
naz,0.00028670409747939314
nas,0.0007167602436984828
pen,0.002413092820451559
ped,0.0008362202843148966
bar,0.002819256958547366
eli,0.0006689762274519174
giu,0.0019352526579859038
rip,0.0018157926173694898
sel,0.0007406522518217657
oli,0.0009078963086847449
inc,0.006880898339505436
tab,0.00047784016246565523
sci,0.0032493131047664557
bet,0.00028670409747939314
zen,0.0001911360649862621
neg,0.0008840043005614622
att,0.0032254210966431726
alt,0.001600764544259945
mer,0.002126388722972166
asc,0.0010273563493011588
rec,0.0013618444630271174
gi,4.778401624656552e-05
sfa,0.0008123282761916139
pro,0.009795723330545932
arm,0.0010990323736710071
arr,0.0017680086011229244
col,0.005136781746505794
tro,0.0016963325767530761
gra,0.004157209413451201
man,0.004730617608409987
ven,0.002221956755465297
sen,0.0024369848285748417
tun,0.00023892008123282762
erm,0.00023892008123282762
can,0.004443913510930594
irr,0.002389200812328276
sca,0.0052084577708756425
fer,0.001887468641739338
coa,0.00040616413809580696
ide,0.0005495161868355036
smu,7.167602436984828e-05
sti,0.0018157926173694898
val,0.001314060446780552
bus,0.00045394815434237246
lat,0.0016485485605065107
ott,0.0010273563493011588
apu,4.778401624656552e-05
fon,0.0015529805280133796
abi,0.0010273563493011588
don,0.0007645442599450484
cyt,2.389200812328276e-05
ere,0.0003822721299725242
end,0.0007645442599450484
rid,0.0007645442599450484
rig,0.0009556803249313105
and,0.0011468163899175726
voc,0.00040616413809580696
fec,0.00021502807310954487
mal,0.0046828335921634216
mem,0.0006689762274519174
are,0.00045394815434237246
con,0.018229602198064746
via,0.0005256241787122207
soi,2.389200812328276e-05
ego,0.00016724405686297935
asi,0.00043005614621908974
lit,0.0007406522518217657
fot,0.0009556803249313105
def,0.0010273563493011588
ari,0.0006450842193286346
sup,0.0018157926173694898
bis,0.0013857364711504002
ria,0.0013379524549038348
pes,0.002102496714848883
fir,0.0001911360649862621
cau,0.0005734081949587863
cal,0.004420021502807311
bat,0.0018635766336160555
pat,0.0019830366742324694
ero,0.00045394815434237246
ass,0.004109425397204635
ure,0.00014335204873969657
meg,0.00047784016246565523
ski,0.00014335204873969657
tra,0.006976466371998566
cro,0.0017680086011229244
mus,0.0011229243817942897
far,0.0035360172022458488
uru,0.00014335204873969657
que,0.0005734081949587863
cor,0.006570302233902759
alg,0.0003583801218492414
aff,0.0028670409747939313
zeu,7.167602436984828e-05
com,0.007215386453231394
cab,0.00045394815434237246
acc,0.005542945884601601
tas,0.0011707083980408554
cic,0.0016485485605065107
imm,0.002102496714848883
pod,0.0001911360649862621
ane,0.001003464341177876
gio,0.0026042288854378213
rif,0.0010751403655477243
pri,0.002102496714848883
tor,0.002006928682355752
fen,0.0005256241787122207
bra,0.0018635766336160555
cos,0.0025325528610679725
rim,0.002174172739218731
bid,0.00028670409747939314
gir,0.001290168438657269
kil,0.0003105961056026759
rag,0.0013618444630271174
imp,0.007358738501971091
vin,0.0006450842193286346
fum,0.00047784016246565523
gar,0.0010273563493011588
ben,0.0015529805280133796
tel,0.0013857364711504002
buc,0.00047784016246565523
ins,0.003942181340341655
vio,0.0007884362680683311
fal,0.0016246565523832278
fig,0.0007645442599450484
tag,0.000597300203082069
est,0.0019352526579859038
por,0.0028909329829172143
suc,0.0007167602436984828
lib,0.0016963325767530761
riu,0.0003105961056026759
vil,0.0005734081949587863
unp,2.389200812328276e-05
che,0.002126388722972166
mat,0.002006928682355752
des,0.0013379524549038348
cer,0.00250866085294469
rib,0.0007645442599450484
chi,0.004372237486560746
bip,9.556803249313105e-05
rad,0.0023175247879584277
cir,0.0013379524549038348
mar,0.0038705053159718075
mul,0.0006450842193286346
umi,0.00023892008123282762
sal,0.004300561462190897
cre,0.0021502807310954486
apn,4.778401624656552e-05
bot,0.0008123282761916139
ost,0.0011468163899175726
cel,0.0010990323736710071
ade,0.0005734081949587863
zaf,0.00011946004061641381
pol,0.0033448811372595866
rep,0.0011229243817942897
sid,0.00014335204873969657
lin,0.001887468641739338
sfr,0.0006211922112053518
fra,0.00320152908851989
cup,0.00026281208935611036
lev,0.0006689762274519174
pla,0.001314060446780552
app,0.003440449169752718
pic,0.001194600406164138
beg,0.00011946004061641381
cas,0.003416557161629435
fli,0.00011946004061641381
bom,0.0006450842193286346
inn,0.0010273563493011588
rac,0.0011468163899175726
mil,0.0010512483574244415
fem,0.0003105961056026759
ran,0.0011468163899175726
let,0.0008601122924381795
den,0.0013857364711504002
bou,0.00011946004061641381
anf,0.00026281208935611036
car,0.008242742802532553
dra,0.0006689762274519174
svi,0.0006211922112053518
tim,0.00047784016246565523
spa,0.0034643411778760005
bio,0.0007645442599450484
pur,0.00047784016246565523
eru,0.0001911360649862621
mad,0.0005256241787122207
leg,0.0016485485605065107
sco,0.005542945884601601
sos,0.0009795723330545932
ast,0.0015529805280133796
ver,0.003010393023533628
aqu,0.0003105961056026759
alz,0.0001911360649862621
sve,0.0011468163899175726
phi,4.778401624656552e-05
acq,0.0014335204873969656
bov,0.00014335204873969657
tin,0.00040616413809580696
cen,0.0018157926173694898
stu,0.0012662764305339863
ter,0.0021502807310954486
nil,7.167602436984828e-05
ste,0.0020547126986023177
rin,0.002006928682355752
esa,0.0012184924142874208
fla,0.000501732170588938
uni,0.003727153267232111
cin,0.0014335204873969656
sis,0.0009795723330545932
tem,0.0012662764305339863
aer,0.0011707083980408554
oes,2.389200812328276e-05
sor,0.0014574124955202485
bac,0.0012184924142874208
for,0.003488233185999283
det,0.001314060446780552
gag,0.00028670409747939314
eff,0.0009317883168080277
cav,0.0017919006092462072
agg,0.0014574124955202485
rob,0.0003344881137259587
ell,0.0003344881137259587
gal,0.001600764544259945
bag,0.0006928682355752001
sec,0.0010512483574244415
vul,0.00047784016246565523
gia,0.001409628479273683
sin,0.0016963325767530761
var,0.000597300203082069
cam,0.004300561462190897
fas,0.0007167602436984828
pal,0.003607693226615697
pav,0.00026281208935611036
mor,0.002221956755465297
omo,0.0005256241787122207
age,0.000597300203082069
equ,0.0011707083980408554
sem,0.001720224584876359
mon,0.003320989129136304
coe,0.0003105961056026759
sbi,0.00023892008123282762
fur,0.0005256241787122207
pru,0.0006450842193286346
vit,0.0007645442599450484
vel,0.0009317883168080277
pan,0.0026759049098076695
sed,0.0007884362680683311
erb,0.0011707083980408554
rio,0.00028670409747939314
vei,9.556803249313105e-05
foc,0.00045394815434237246
mur,0.00040616413809580696
cis,0.00021502807310954487
peo,7.167602436984828e-05
ort,0.0006928682355752001
bas,0.0013857364711504002
bro,0.0008840043005614622
lun,0.0007167602436984828
mez,0.0008123282761916139
mac,0.0024608768366981243
gri,0.0007406522518217657
lam,0.0014335204873969656
nub,9.556803249313105e-05
bit,0.0001911360649862621
pot,0.0005734081949587863
lar,0.0006211922112053518
ine,0.0014335204873969656
pag,0.0006928682355752001
deg,0.00043005614621908974
pun,0.001887468641739338
zim,9.556803249313105e-05
ana,0.0019591446661091864
ame,0.0006689762274519174
ecc,0.0008601122924381795
ges,0.000501732170588938
ind,0.004730617608409987
ene,0.00016724405686297935
poi,0.00011946004061641381
gen,0.001911360649862621
cat,0.0022697407717118625
rul,0.00011946004061641381
sie,0.00026281208935611036
bab,0.00043005614621908974
lan,0.0010990323736710071
eso,0.0006689762274519174
sov,0.0012184924142874208
lav,0.0013857364711504002
les,0.00045394815434237246
add,0.0012662764305339863
gel,0.00043005614621908974
not,0.0008123282761916139
vot,0.0001911360649862621
geo,0.0006689762274519174
cum,0.00023892008123282762
mag,0.0017919006092462072
git,9.556803249313105e-05
vis,0.0010512483574244415
diz,0.00021502807310954487
cia,0.0009317883168080277
ghi,0.0008601122924381795
sit,0.00023892008123282762
sus,0.0005734081949587863
mes,0.0015290885198900967
ten,0.0017919006092462072
iva,0.00014335204873969657
top,0.0006928682355752001
fun,0.000501732170588938
fru,0.001003464341177876
fil,0.0020786047067256003
noi,9.556803249313105e-05
ave,0.0008123282761916139
ele,0.002413092820451559
pha,0.00014335204873969657
lyn,0.00011946004061641381
dan,0.0005734081949587863
nor,0.0005495161868355036
kam,4.778401624656552e-05
lac,0.0006450842193286346
boz,0.00023892008123282762
bor,0.0017441165929996416
phl,4.778401624656552e-05
dat,0.0005256241787122207
mas,0.0020308206904790346
sba,0.0013379524549038348
lic,0.0003583801218492414
ris,0.0033448811372595866
arc,0.0014574124955202485
nat,0.0006211922112053518
muc,0.0003105961056026759
esp,0.0020547126986023177
ril,0.000597300203082069
gas,0.0008840043005614622
ant,0.003727153267232111
dia,0.0016246565523832278
spe,0.0029387169991637796
ogn,0.00011946004061641381
tir,0.0009795723330545932
ill,0.0009795723330545932
hay,2.389200812328276e-05
riv,0.001409628479273683
liv,0.00040616413809580696
arp,0.0003105961056026759
min,0.0020786047067256003
sat,0.000597300203082069
emo,0.00043005614621908974
evv,2.389200812328276e-05
ipp,0.0001911360649862621
dic,0.0007884362680683311
bud,0.0003344881137259587
ros,0.0008840043005614622
orm,0.00021502807310954487
dod,0.00014335204873969657
emu,0.00014335204873969657
ogg,0.0003583801218492414
ist,0.0014813045036435313
ent,0.0007406522518217657
ovo,0.00016724405686297935
spr,0.0011707083980408554
sim,0.0006450842193286346
inf,0.0036554772428622627
res,0.0015529805280133796
tri,0.003105961056026759
bev,0.00021502807310954487
din,0.0009317883168080277
sud,0.000501732170588938
ren,0.0005734081949587863
inm,0.0001911360649862621
cra,0.0005734081949587863
gla,0.0003105961056026759
ras,0.0008362202843148966
dem,0.0009795723330545932
ape,0.0003105961056026759
pne,0.0001911360649862621
bul,0.00045394815434237246
lap,0.000501732170588938
cac,0.0010751403655477243
bal,0.0018635766336160555
ali,0.0007406522518217657
sfi,0.0007645442599450484
ban,0.0015768725361366622
dit,0.0005495161868355036
nid,2.389200812328276e-05
tie,4.778401624656552e-05
epa,0.00014335204873969657
ale,0.0003344881137259587
sol,0.0020308206904790346
nuo,0.00047784016246565523
ace,0.0008123282761916139
lei,4.778401624656552e-05
gem,0.00014335204873969657
hit,7.167602436984828e-05
uto,9.556803249313105e-05
agi,0.0003583801218492414
toc,0.00023892008123282762
at,2.389200812328276e-05
non,0.0020547126986023177
oph,7.167602436984828e-05
cul,0.000597300203082069
vet,0.0007645442599450484
bun,4.778401624656552e-05
atl,0.00021502807310954487
flo,0.0005256241787122207
ing,0.0024369848285748417
dim,0.0009556803249313105
mut,0.0006211922112053518
dol,0.0010273563493011588
imb,0.0020308206904790346
ini,0.0006450842193286346
vol,0.0018635766336160555
mod,0.0011468163899175726
sot,0.0019352526579859038
qua,0.002174172739218731
sur,0.0007645442599450484
osp,0.00028670409747939314
ira,0.00028670409747939314
cil,0.0003344881137259587
pio,0.0008362202843148966
nar,0.000597300203082069
ory,9.556803249313105e-05
mim,0.00021502807310954487
ron,0.00028670409747939314
ord,0.0008840043005614622
ska,7.167602436984828e-05
rev,0.00047784016246565523
fin,0.001003464341177876
edi,0.00047784016246565523
azz,0.0001911360649862621
vag,0.000597300203082069
afo,0.00016724405686297935
ucc,0.0003583801218492414
bad,0.00011946004061641381
fre,0.0014574124955202485
amm,0.0024847688448214073
cry,0.00011946004061641381
fug,0.00040616413809580696
san,0.001505196511766814
cla,0.0009317883168080277
fag,0.0003583801218492414
neo,0.0007167602436984828
veg,0.0003344881137259587
dar,0.0008123282761916139
flu,0.0003583801218492414
ala,0.00045394815434237246
eno,0.00011946004061641381
ger,0.0008362202843148966
amb,0.0007645442599450484
rel,0.00045394815434237246
ilp,0.00016724405686297935
cho,0.0001911360649862621
seg,0.0016724405686297933
cob,9.556803249313105e-05
reg,0.0015290885198900967
dm,2.389200812328276e-05
gua,0.0019830366742324694
eri,0.00043005614621908974
asa,2.389200812328276e-05
esi,0.0006450842193286346
fou,4.778401624656552e-05
bij,2.389200812328276e-05
dot,0.0005256241787122207
ono,0.00047784016246565523
spo,0.0018635766336160555
lus,0.0005734081949587863
cri,0.0014813045036435313
tou,0.00011946004061641381
loc,0.0006689762274519174
dec,0.002580336877314538
gob,0.00016724405686297935
oss,0.0011229243817942897
gam,0.00040616413809580696
fos,0.00045394815434237246
esc,0.0009556803249313105
aut,0.0033926651535061522
poz,0.0003105961056026759
blu,0.00028670409747939314
amo,0.00045394815434237246
set,0.0008362202843148966
pie,0.001409628479273683
pos,0.001911360649862621
out,2.389200812328276e-05
gru,0.0006689762274519174
enn,2.389200812328276e-05
cli,0.0007167602436984828
iso,0.0006689762274519174
spi,0.0031298530641500418
dal,0.000501732170588938
egi,9.556803249313105e-05
ore,0.00028670409747939314
sad,0.00011946004061641381
zin,0.00014335204873969657
bru,0.0011468163899175726
lil,0.00016724405686297935
ful,0.0003344881137259587
ano,0.0003822721299725242
cus,0.00028670409747939314
pig,0.000597300203082069
wor,9.556803249313105e-05
tur,0.0011229243817942897
rit,0.0010751403655477243
ser,0.002006928682355752
tam,0.0006689762274519174
soc,0.001290168438657269
bec,0.0005734081949587863
div,0.0015290885198900967
abo,0.00043005614621908974
fat,0.0010273563493011588
eva,0.000501732170588938
pep,0.0003583801218492414
rap,0.0010990323736710071
tut,0.0003105961056026759
cod,0.000597300203082069
zap,7.167602436984828e-05
pon,0.0007167602436984828
biv,0.00014335204873969657
glo,0.0005734081949587863
paf,2.389200812328276e-05
ves,0.0011229243817942897
vez,0.00011946004061641381
alo,0.00028670409747939314
cop,0.001290168438657269
ona,4.778401624656552e-05
spu,0.0005495161868355036
lup,0.00043005614621908974
nu,2.389200812328276e-05
sma,0.0007167602436984828
gus,0.00023892008123282762
mis,0.0015290885198900967
zan,0.00023892008123282762
sog,0.000597300203082069
pop,0.00045394815434237246
edd,4.778401624656552e-05
cle,0.00028670409747939314
rus,0.00026281208935611036
luv,2.389200812328276e-05
fol,0.00040616413809580696
ovi,0.00021502807310954487
bia,0.0005495161868355036
abu,0.00026281208935611036
ava,0.0007406522518217657
sgo,0.000597300203082069
aus,0.0005734081949587863
sof,0.0006450842193286346
unc,4.778401624656552e-05
dir,0.0017919006092462072
buo,0.0009317883168080277
ruz,0.00011946004061641381
nau,0.00021502807310954487
aci,0.0005495161868355036
gin,0.0006928682355752001
bam,0.00043005614621908974
ngw,4.778401624656552e-05
goz,7.167602436984828e-05
inu,0.0006450842193286346
cur,0.0008601122924381795
vas,0.0006928682355752001
fic,0.00028670409747939314
whi,7.167602436984828e-05
olt,0.0003105961056026759
buf,0.0003822721299725242
fm,2.389200812328276e-05
asp,0.001194600406164138
pra,0.0006450842193286346
nob,0.0001911360649862621
lao,9.556803249313105e-05
cov,0.00021502807310954487
fao,2.389200812328276e-05
lut,0.0003105961056026759
sto,0.0015529805280133796
igl,4.778401624656552e-05
fus,0.0003583801218492414
rem,0.000501732170588938
ocu,0.00016724405686297935
tip,0.0003583801218492414
ml,4.778401624656552e-05
dom,0.000597300203082069
zef,4.778401624656552e-05
gib,7.167602436984828e-05
sgr,0.0005495161868355036
tot,0.0001911360649862621
sla,0.00023892008123282762
elo,0.00023892008123282762
blo,0.00047784016246565523
pil,0.000501732170588938
enh,2.389200812328276e-05
bur,0.0009556803249313105
der,0.0007645442599450484
baz,9.556803249313105e-05
fan,0.0011229243817942897
rp,2.389200812328276e-05
iro,0.00011946004061641381
anz,0.00011946004061641381
bol,0.0007884362680683311
gav,0.00011946004061641381
tav,0.00045394815434237246
zec,0.0001911360649862621
atr,0.0003344881137259587
osc,0.00043005614621908974
tal,0.0007645442599450484
sce,0.0010512483574244415
sio,4.778401624656552e-05
dev,0.00047784016246565523
azi,0.00028670409747939314
ced,0.0003822721299725242
alb,0.001194600406164138
dop,0.0003105961056026759
edu,0.00023892008123282762
log,0.0006928682355752001
eco,0.0006689762274519174
fes,0.000597300203082069
cuf,0.00011946004061641381
dip,0.0007645442599450484
boc,0.0005734081949587863
pia,0.0025325528610679725
pit,0.0005495161868355036
pyr,0.00016724405686297935
epi,0.0013618444630271174
sch,0.002413092820451559
pir,0.0009795723330545932
sic,0.00040616413809580696
ils,7.167602436984828e-05
pug,0.00028670409747939314
ret,0.0014574124955202485
acr,0.0005734081949587863
men,0.0017441165929996416
ult,0.0003105961056026759
sug,0.0003344881137259587
dig,0.0006211922112053518
zol,0.00016724405686297935
und,4.778401624656552e-05
ipe,0.0007406522518217657
sul,0.0001911360649862621
ung,0.0003344881137259587
pel,0.0009317883168080277
bre,0.0006450842193286346
nya,2.389200812328276e-05
scr,0.001290168438657269
idr,0.0010273563493011588
abd,0.00011946004061641381
moc,0.00016724405686297935
kno,4.778401624656552e-05
mot,0.0011707083980408554
ans,0.00028670409747939314
sli,0.00014335204873969657
dif,0.0010751403655477243
dap,0.00040616413809580696
lon,0.00045394815434237246
mec,0.00021502807310954487
van,0.0007884362680683311
thy,2.389200812328276e-05
one,0.00014335204873969657
sbr,0.00047784016246565523
sga,0.00040616413809580696
tub,0.0005734081949587863
gov,0.0003105961056026759
sbu,0.00021502807310954487
ors,0.0003105961056026759
neb,0.00026281208935611036
lp,2.389200812328276e-05
som,0.0007884362680683311
ber,0.0007884362680683311
ura,0.00016724405686297935
squ,0.0012184924142874208
inv,0.0023653088042049934
kaf,2.389200812328276e-05
fit,0.00028670409747939314
ela,0.00047784016246565523
alc,0.0011468163899175726
ple,0.000501732170588938
fet,0.0003344881137259587
nef,0.00014335204873969657
ese,0.0006928682355752001
sub,0.0010512483574244415
bri,0.0010751403655477243
opp,0.000501732170588938
cub,0.00023892008123282762
cuc,0.0009556803249313105
zep,4.778401624656552e-05
ebu,4.778401624656552e-05
tre,0.0009556803249313105
noc,0.0005256241787122207
die,0.0003822721299725242
lie,0.0003344881137259587
ohi,2.389200812328276e-05
ama,0.0009317883168080277
avi,0.0003344881137259587
did,0.00023892008123282762
sei,9.556803249313105e-05
sas,0.00028670409747939314
bim,0.0001911360649862621
vie,0.00014335204873969657
lod,0.00021502807310954487
uom,0.00021502807310954487
ond,0.0003822721299725242
big,0.0006928682355752001
gor,0.0003822721299725242
ipn,9.556803249313105e-05
cog,0.00043005614621908974
ani,0.0011707083980408554
cys,4.778401624656552e-05
ton,0.0007406522518217657
mae,0.00026281208935611036
pog,0.00021502807310954487
ces,0.0007167602436984828
sev,0.00014335204873969657
zaz,4.778401624656552e-05
fie,0.0003344881137259587
piu,0.0001911360649862621
liq,0.0003822721299725242
agl,0.00014335204873969657
las,0.0005256241787122207
cda,4.778401624656552e-05
dre,0.00011946004061641381
pul,0.0009556803249313105
vim,4.778401624656552e-05
oka,7.167602436984828e-05
rov,0.0003583801218492414
7,2.389200812328276e-05
emi,0.00045394815434237246
poc,0.0007645442599450484
obb,0.0006928682355752001
fid,0.0003583801218492414
bic,0.00043005614621908974
kar,0.00011946004061641381
psi,0.0008362202843148966
qui,0.0005734081949587863
luo,0.0001911360649862621
fog,0.0003344881137259587
doc,0.0003344881137259587
pa,4.778401624656552e-05
rup,0.0003105961056026759
osm,0.00014335204873969657
lez,0.00016724405686297935
zon,0.00028670409747939314
dag,0.00014335204873969657
len,0.0006450842193286346
ado,0.0006689762274519174
mol,0.0013618444630271174
fio,0.0009556803249313105
nic,0.0003822721299725242
sag,0.0005256241787122207
org,0.0009795723330545932
rum,0.00043005614621908974
shu,4.778401624656552e-05
taf,9.556803249313105e-05
nev,0.0003105961056026759
pis,0.0008123282761916139
aco,0.00011946004061641381
orc,0.00045394815434237246
luc,0.0010990323736710071
gro,0.0006450842193286346
act,0.00016724405686297935
rie,0.0006689762274519174
erp,9.556803249313105e-05
lab,0.0006211922112053518
num,0.0006928682355752001
eup,0.00026281208935611036
nom,0.0005734081949587863
fav,0.00047784016246565523
rod,0.00023892008123282762
lur,7.167602436984828e-05
coi,0.0003583801218492414
maz,0.00043005614621908974
mel,0.0009317883168080277
raf,0.0008601122924381795
laz,0.00021502807310954487
sfo,0.0009317883168080277
tit,0.00043005614621908974
sam,0.00045394815434237246
asf,0.00011946004061641381
vai,7.167602436984828e-05
bai,0.00023892008123282762
obs,2.389200812328276e-05
biu,2.389200812328276e-05
pau,0.00016724405686297935
pad,0.0006450842193286346
sep,0.00045394815434237246
fuo,0.0005495161868355036
moz,0.00023892008123282762
lis,0.0007884362680683311
orb,0.00016724405686297935
adh,2.389200812328276e-05
sui,9.556803249313105e-05
suo,0.00040616413809580696
req,0.00011946004061641381
opu,7.167602436984828e-05
apa,0.00021502807310954487
kho,4.778401624656552e-05
fom,9.556803249313105e-05
cyp,0.00011946004061641381
ion,0.0001911360649862621
but,0.00040616413809580696
aud,0.0003583801218492414
25,2.389200812328276e-05
eoc,2.389200812328276e-05
fed,0.0003822721299725242
dab,0.00011946004061641381
hap,4.778401624656552e-05
agn,0.00014335204873969657
sop,0.0017680086011229244
zot,7.167602436984828e-05
ubi,7.167602436984828e-05
cem,0.00014335204873969657
pin,0.0006928682355752001
hal,0.00014335204873969657
vir,0.0005495161868355036
leb,4.778401624656552e-05
red,0.00047784016246565523
mob,0.00014335204873969657
ecl,0.00023892008123282762
cut,9.556803249313105e-05
bef,0.0001911360649862621
ref,0.00040616413809580696
lum,0.00028670409747939314
sil,0.0010512483574244415
oro,0.00026281208935611036
mos,0.001003464341177876
gab,0.000501732170588938
urt,0.00014335204873969657
ino,0.0006450842193286346
dub,0.00016724405686297935
bie,0.00021502807310954487
ang,0.001409628479273683
ora,0.000597300203082069
umo,0.00016724405686297935
dpl,2.389200812328276e-05
oft,0.0001911360649862621
tos,0.0005734081949587863
cad,0.00040616413809580696
dor,0.00040616413809580696
ard,0.00028670409747939314
ipa,2.389200812328276e-05
hai,4.778401624656552e-05
lig,0.00016724405686297935
ada,0.00040616413809580696
usc,0.00011946004061641381
vat,0.00011946004061641381
pue,0.00014335204873969657
sno,0.00014335204873969657
med,0.0014574124955202485
ema,0.00040616413809580696
bir,0.0007406522518217657
nih,4.778401624656552e-05
fia,0.0007406522518217657
odi,0.00016724405686297935
vap,0.00023892008123282762
ebe,9.556803249313105e-05
ler,2.389200812328276e-05
dil,0.0008123282761916139
rat,0.00045394815434237246
ech,0.00016724405686297935
omi,0.0001911360649862621
exp,7.167602436984828e-05
eti,0.00045394815434237246
ase,9.556803249313105e-05
cio,0.00043005614621908974
sap,0.0006211922112053518
ust,7.167602436984828e-05
rea,0.000597300203082069
ime,7.167602436984828e-05
gau,0.00016724405686297935
fam,0.00028670409747939314
zat,7.167602436984828e-05
aum,7.167602436984828e-05
gip,4.778401624656552e-05
udi,0.0001911360649862621
ulu,9.556803249313105e-05
hyl,4.778401624656552e-05
asm,2.389200812328276e-05
beh,7.167602436984828e-05
wol,9.556803249313105e-05
muf,9.556803249313105e-05
gil,7.167602436984828e-05
map,7.167602436984828e-05
agr,0.0007406522518217657
nec,0.00045394815434237246
ipo,0.0007645442599450484
ghe,0.00021502807310954487
nai,0.00016724405686297935
apo,0.0007167602436984828
gut,4.778401624656552e-05
mao,0.00016724405686297935
lec,0.00040616413809580696
sde,0.00011946004061641381
rai,4.778401624656552e-05
ha,2.389200812328276e-05
tar,0.0010990323736710071
gig,0.00028670409747939314
dio,0.0003344881137259587
cim,0.00045394815434237246
14,2.389200812328276e-05
boh,4.778401624656552e-05
rom,0.0011707083980408554
fis,0.0009078963086847449
nav,0.0005734081949587863
irc,4.778401624656552e-05
pap,0.0010512483574244415
hol,0.00014335204873969657
dog,0.00026281208935611036
aur,0.00026281208935611036
mir,0.0005256241787122207
vuo,0.00014335204873969657
mam,0.00045394815434237246
pae,0.00021502807310954487
fuc,0.00026281208935611036
sbe,0.0001911360649862621
epu,7.167602436984828e-05
viz,0.00014335204873969657
gae,2.389200812328276e-05
sgu,0.00028670409747939314
ach,0.00021502807310954487
pse,0.0001911360649862621
aul,0.00011946004061641381
bib,0.0003583801218492414
fa,2.389200812328276e-05
rur,2.389200812328276e-05
fod,9.556803249313105e-05
lau,0.0003822721299725242
gle,2.389200812328276e-05
gol,0.0003105961056026759
ign,0.00023892008123282762
sax,0.0001911360649862621
pac,0.0008123282761916139
zoc,9.556803249313105e-05
cha,0.00026281208935611036
zar,7.167602436984828e-05
amn,0.0001911360649862621
bes,0.0003583801218492414
opz,7.167602436984828e-05
emp,0.0003105961056026759
70,2.389200812328276e-05
eto,7.167602436984828e-05
eur,0.00028670409747939314
oms,2.389200812328276e-05
ega,4.778401624656552e-05
lir,0.0001911360649862621
tet,0.00047784016246565523
urs,0.0001911360649862621
leu,0.00021502807310954487
emb,0.00047784016246565523
sou,7.167602436984828e-05
tho,4.778401624656552e-05
boo,9.556803249313105e-05
arg,0.0008362202843148966
nim,2.389200812328276e-05
zai,9.556803249313105e-05
alm,0.00011946004061641381
kyp,2.389200812328276e-05
vac,0.00047784016246565523
raz,0.00045394815434237246
fab,0.0003583801218492414
euc,0.00014335204873969657
inp,0.00023892008123282762
oca,0.00021502807310954487
ett,0.00016724405686297935
euf,0.00045394815434237246
dep,0.0010990323736710071
isp,0.0003344881137259587
tum,0.0003344881137259587
ati,7.167602436984828e-05
sbo,0.0003583801218492414
tic,0.00021502807310954487
tap,0.00028670409747939314
evi,0.00021502807310954487
vid,0.00023892008123282762
bel,0.0008362202843148966
fro,0.000501732170588938
quo,0.0001911360649862621
gug,2.389200812328276e-05
dee,2.389200812328276e-05
ubr,0.00011946004061641381
feb,0.0003105961056026759
rot,0.0007406522518217657
ami,0.00043005614621908974
inq,0.00040616413809580696
sik,2.389200812328276e-05
md,2.389200812328276e-05
hon,9.556803249313105e-05
baf,2.389200812328276e-05
eie,4.778401624656552e-05
bon,0.0005495161868355036
etn,0.00028670409747939314
sme,0.0005256241787122207
rub,0.00043005614621908974
obi,0.00023892008123282762
dow,2.389200812328276e-05
puz,0.0001911360649862621
gaz,0.00028670409747939314
peg,0.00023892008123282762
cet,0.00026281208935611036
zul,2.389200812328276e-05
nuc,0.00016724405686297935
iut,2.389200812328276e-05
riz,7.167602436984828e-05
gli,0.0003822721299725242
hum,9.556803249313105e-05
pub,0.00043005614621908974
sph,2.389200812328276e-05
run,7.167602436984828e-05
nuv,9.556803249313105e-05
ucr,4.778401624656552e-05
boi,0.00011946004061641381
zip,2.389200812328276e-05
ict,0.00011946004061641381
oce,0.0001911360649862621
enf,0.0001911360649862621
kwh,2.389200812328276e-05
eve,0.0001911360649862621
url,0.00011946004061641381
pup,0.0001911360649862621
ral,0.00021502807310954487
lad,0.00021502807310954487
hom,0.00021502807310954487
afr,0.00021502807310954487
itt,0.00023892008123282762
bli,7.167602436984828e-05
coc,0.0010273563493011588
sib,0.00011946004061641381
duo,0.00011946004061641381
asb,4.778401624656552e-05
iri,0.00016724405686297935
siu,2.389200812328276e-05
cuo,0.0003105961056026759
abs,4.778401624656552e-05
feu,0.00011946004061641381
tec,0.0003583801218492414
mit,0.000597300203082069
iel,2.389200812328276e-05
put,0.0003583801218492414
zeb,7.167602436984828e-05
mu,2.389200812328276e-05
lag,0.00040616413809580696
xan,7.167602436984828e-05
adv,4.778401624656552e-05
dam,0.00040616413809580696
pto,2.389200812328276e-05
bug,0.00040616413809580696
fel,0.0007884362680683311
eca,2.389200812328276e-05
cyg,9.556803249313105e-05
jun,0.00028670409747939314
lyt,4.778401624656552e-05
pid,0.00014335204873969657
ozi,0.00011946004061641381
gul,4.778401624656552e-05
ope,0.0007406522518217657
rog,4.778401624656552e-05
ata,0.00011946004061641381
ubb,0.00016724405686297935
cef,0.00026281208935611036
arv,4.778401624656552e-05
ect,4.778401624656552e-05
zer,9.556803249313105e-05
coo,0.00028670409747939314
nes,0.00021502807310954487
sip,2.389200812328276e-05
uvo,2.389200812328276e-05
abr,0.0003344881137259587
nod,0.00016724405686297935
dei,0.0003344881137259587
inl,9.556803249313105e-05
osa,7.167602436984828e-05
gat,0.00045394815434237246
isl,0.00016724405686297935
eta,0.00011946004061641381
sig,0.0006211922112053518
tog,0.00016724405686297935
odo,0.00028670409747939314
mau,7.167602436984828e-05
lem,0.0003583801218492414
edo,9.556803249313105e-05
pom,0.0006450842193286346
bil,0.0006211922112053518
svo,0.00028670409747939314
fac,0.0008362202843148966
vor,0.00014335204873969657
lob,0.00028670409747939314
sau,7.167602436984828e-05
glu,0.00023892008123282762
pho,9.556803249313105e-05
roe,4.778401624656552e-05
ute,0.00021502807310954487
off,0.0005734081949587863
cib,0.00016724405686297935
beo,4.778401624656552e-05
alp,0.00028670409747939314
bos,0.00040616413809580696
olo,0.00023892008123282762
lol,0.00011946004061641381
daq,2.389200812328276e-05
sab,0.0003583801218492414
ori,0.0009078963086847449
lea,0.00023892008123282762
evo,0.00014335204873969657
zuc,0.00045394815434237246
deb,0.000501732170588938
swa,2.389200812328276e-05
abl,7.167602436984828e-05
smo,0.000597300203082069
moa,2.389200812328276e-05
gui,0.000501732170588938
vud,4.778401624656552e-05
nug,2.389200812328276e-05
caf,0.00045394815434237246
acu,0.0003344881137259587
uss,4.778401624656552e-05
uri,0.0001911360649862621
him,4.778401624656552e-05
oma,7.167602436984828e-05
aju,7.167602436984828e-05
sgm,2.389200812328276e-05
hot,7.167602436984828e-05
seq,0.0001911360649862621
pi,4.778401624656552e-05
ess,0.0006211922112053518
efe,0.00011946004061641381
ovv,7.167602436984828e-05
hya,9.556803249313105e-05
ruo,0.00021502807310954487
lip,0.00016724405686297935
viv,0.000501732170588938
tom,0.0003583801218492414
ovu,9.556803249313105e-05
yie,2.389200812328276e-05
dup,0.00014335204873969657
tat,0.0001911360649862621
iti,2.389200812328276e-05
omb,0.0003583801218492414
gre,0.000501732170588938
kal,2.389200812328276e-05
vog,0.00016724405686297935
err,0.0003105961056026759
tea,0.00014335204873969657
xip,2.389200812328276e-05
vib,0.00023892008123282762
lud,7.167602436984828e-05
cud,4.778401624656552e-05
coz,0.00014335204873969657
fax,4.778401624656552e-05
bla,0.0003105961056026759
moh,4.778401624656552e-05
fob,2.389200812328276e-05
sne,0.00023892008123282762
hov,2.389200812328276e-05
tee,9.556803249313105e-05
dri,0.00023892008123282762
hir,4.778401624656552e-05
apr,0.00028670409747939314
job,4.778401624656552e-05
pab,9.556803249313105e-05
tex,2.389200812328276e-05
era,0.0001911360649862621
uma,0.00021502807310954487
eme,0.00026281208935611036
cc,4.778401624656552e-05
rud,0.00016724405686297935
aca,0.0003822721299725242
iet,4.778401624656552e-05
ilm,2.389200812328276e-05
xer,0.00011946004061641381
ebr,0.00014335204873969657
epo,0.00011946004061641381
ngu,4.778401624656552e-05
erg,0.00021502807310954487
sac,0.001003464341177876
kwa,0.00014335204873969657
eng,2.389200812328276e-05
zac,2.389200812328276e-05
zoo,0.0003105961056026759
tug,7.167602436984828e-05
jer,2.389200812328276e-05
uti,0.00023892008123282762
ate,0.0003105961056026759
eud,4.778401624656552e-05
mug,0.0003344881137259587
bub,9.556803249313105e-05
sra,7.167602436984828e-05
cug,7.167602436984828e-05
gno,0.00016724405686297935
vig,0.00047784016246565523
tru,0.0005256241787122207
onn,0.00011946004061641381
niz,2.389200812328276e-05
lio,7.167602436984828e-05
ved,0.00026281208935611036
zor,0.00014335204873969657
piv,9.556803249313105e-05
ray,2.389200812328276e-05
pip,0.0003105961056026759
lim,0.0006928682355752001
son,0.0006928682355752001
goc,0.00028670409747939314
mio,0.00026281208935611036
vip,0.00011946004061641381
ses,0.00040616413809580696
cru,0.0003583801218492414
idi,0.00028670409747939314
pez,0.00026281208935611036
dav,0.00011946004061641381
kg,2.389200812328276e-05
siv,4.778401624656552e-05
ole,0.00026281208935611036
fau,0.00014335204873969657
yak,2.389200812328276e-05
kuw,7.167602436984828e-05
daf,0.00011946004061641381
egh,2.389200812328276e-05
acl,7.167602436984828e-05
orn,0.0003583801218492414
ayt,4.778401624656552e-05
isc,9.556803249313105e-05
cag,0.0003583801218492414
nap,0.00016724405686297935
rol,0.00011946004061641381
nep,0.00014335204873969657
dov,0.00011946004061641381
rug,0.00011946004061641381
neu,0.0007884362680683311
nie,7.167602436984828e-05
slo,0.0003344881137259587
ova,0.00021502807310954487
rho,2.389200812328276e-05
gue,0.00040616413809580696
taz,0.00016724405686297935
han,9.556803249313105e-05
moi,7.167602436984828e-05
rav,0.00028670409747939314
ago,0.0003583801218492414
sgh,9.556803249313105e-05
dur,0.0003105961056026759
phy,0.00016724405686297935
teu,9.556803249313105e-05
mtr,2.389200812328276e-05
htm,2.389200812328276e-05
tek,2.389200812328276e-05
tan,0.0006450842193286346
bau,0.0001911360649862621
ofr,7.167602436984828e-05
leo,0.0003344881137259587
rei,0.0003344881137259587
uga,4.778401624656552e-05
nut,0.00021502807310954487
zig,0.0003105961056026759
gai,0.00011946004061641381
rab,0.00043005614621908974
spl,0.00028670409747939314
ima,7.167602436984828e-05
geu,4.778401624656552e-05
umb,7.167602436984828e-05
sro,4.778401624656552e-05
ugo,4.778401624656552e-05
enz,4.778401624656552e-05
c,4.778401624656552e-05
hiv,2.389200812328276e-05
yog,9.556803249313105e-05
adr,9.556803249313105e-05
piz,0.0003105961056026759
pec,0.0007645442599450484
zib,7.167602436984828e-05
bin,0.00023892008123282762
nig,0.00021502807310954487
dg,2.389200812328276e-05
nov,0.00047784016246565523
due,0.00023892008123282762
ham,4.778401624656552e-05
inr,4.778401624656552e-05
ex,2.389200812328276e-05
ded,0.00021502807310954487
mum,9.556803249313105e-05
cec,0.00023892008123282762
zir,7.167602436984828e-05
gym,9.556803249313105e-05
jet,0.00014335204873969657
zel,7.167602436984828e-05
aia,7.167602436984828e-05
pli,7.167602436984828e-05
cof,0.00014335204873969657
jou,2.389200812328276e-05
yua,7.167602436984828e-05
f,2.389200812328276e-05
mai,0.00040616413809580696
zit,0.00011946004061641381
cyn,0.00011946004061641381
sho,0.00011946004061641381
orl,4.778401624656552e-05
jod,2.389200812328276e-05
gha,2.389200812328276e-05
god,7.167602436984828e-05
ome,0.0003105961056026759
po,2.389200812328276e-05
arn,9.556803249313105e-05
ico,0.00023892008123282762
cot,0.0005495161868355036
her,0.00014335204873969657
scl,0.0001911360649862621
tig,0.0003344881137259587
jug,7.167602436984828e-05
cep,7.167602436984828e-05
tov,0.00014335204873969657
tg,2.389200812328276e-05
sfu,0.00016724405686297935
zam,0.0003583801218492414
lcc,2.389200812328276e-05
gad,9.556803249313105e-05
50,2.389200812328276e-05
iud,2.389200812328276e-05
uov,2.389200812328276e-05
zia,7.167602436984828e-05
caz,0.00011946004061641381
ooc,2.389200812328276e-05
roa,2.389200812328276e-05
onc,0.00014335204873969657
arb,0.0003583801218492414
ebb,7.167602436984828e-05
40,2.389200812328276e-05
obl,0.00021502807310954487
kmh,4.778401624656552e-05
sdi,4.778401624656552e-05
bav,0.0001911360649862621
jac,4.778401624656552e-05
cou,0.00011946004061641381
civ,0.00021502807310954487
nac,4.778401624656552e-05
gan,0.0003105961056026759
opt,4.778401624656552e-05
ont,0.0001911360649862621
ete,0.0003822721299725242
tol,0.00021502807310954487
cig,0.00028670409747939314
anc,0.0003344881137259587
shi,2.389200812328276e-05
ket,2.389200812328276e-05
oos,4.778401624656552e-05
biz,0.00014335204873969657
mea,4.778401624656552e-05
iog,4.778401624656552e-05
sir,0.00026281208935611036
dai,4.778401624656552e-05
suz,2.389200812328276e-05
led,4.778401624656552e-05
ola,4.778401624656552e-05
uli,0.00014335204873969657
riy,2.389200812328276e-05
kw,2.389200812328276e-05
cek,2.389200812328276e-05
hex,2.389200812328276e-05
pao,2.389200812328276e-05
iss,4.778401624656552e-05
aug,0.00011946004061641381
ald,7.167602436984828e-05
ted,0.00011946004061641381
pte,7.167602436984828e-05
arl,7.167602436984828e-05
zup,9.556803249313105e-05
eon,4.778401624656552e-05
aiz,7.167602436984828e-05
nul,0.00011946004061641381
sez,7.167602436984828e-05
dna,2.389200812328276e-05
aid,2.389200812328276e-05
dj,2.389200812328276e-05
oxa,4.778401624656552e-05
lot,0.0003344881137259587
myo,7.167602436984828e-05
bui,4.778401624656552e-05
pti,4.778401624656552e-05
dau,7.167602436984828e-05
usb,7.167602436984828e-05
sva,0.0005495161868355036
byt,2.389200812328276e-05
sfe,0.00021502807310954487
alv,0.00011946004061641381
teg,9.556803249313105e-05
sdr,0.00011946004061641381
cif,0.00011946004061641381
esu,0.00023892008123282762
boe,2.389200812328276e-05
haw,4.778401624656552e-05
ms,2.389200812328276e-05
plu,0.00040616413809580696
orr,0.00011946004061641381
hao,4.778401624656552e-05
uln,4.778401624656552e-05
nib,4.778401624656552e-05
diu,7.167602436984828e-05
unn,4.778401624656552e-05
tah,2.389200812328276e-05
enc,0.00026281208935611036
sif,9.556803249313105e-05
mog,9.556803249313105e-05
ble,9.556803249313105e-05
zab,4.778401624656552e-05
deu,9.556803249313105e-05
als,4.778401624656552e-05
pem,4.778401624656552e-05
fai,7.167602436984828e-05
aba,0.00023892008123282762
sod,0.00028670409747939314
hoc,7.167602436984828e-05
avu,2.389200812328276e-05
eug,9.556803249313105e-05
ido,0.00021502807310954487
lyc,0.00014335204873969657
adi,0.0003105961056026759
raj,2.389200812328276e-05
ac,2.389200812328276e-05
rut,0.0001911360649862621
ath,4.778401624656552e-05
d,2.389200812328276e-05
igi,0.00011946004061641381
et,4.778401624656552e-05
kip,4.778401624656552e-05
doz,4.778401624656552e-05
els,4.778401624656552e-05
gom,0.00040616413809580696
maj,2.389200812328276e-05
aik,2.389200812328276e-05
vom,0.00016724405686297935
ecu,4.778401624656552e-05
ir,2.389200812328276e-05
uva,0.0001911360649862621
clo,0.0003822721299725242
roz,4.778401624656552e-05
bea,0.00011946004061641381
kat,2.389200812328276e-05
9,2.389200812328276e-05
das,0.00014335204873969657
hos,2.389200812328276e-05
pov,7.167602436984828e-05
paz,0.00026281208935611036
ipr,2.389200812328276e-05
pai,9.556803249313105e-05
net,0.00026281208935611036
mm,4.778401624656552e-05
smi,0.00028670409747939314
olm,9.556803249313105e-05
she,9.556803249313105e-05
nad,2.389200812328276e-05
dry,4.778401624656552e-05
tak,4.778401624656552e-05
ugu,0.00014335204873969657
sha,9.556803249313105e-05
amp,0.000597300203082069
vod,7.167602436984828e-05
mou,4.778401624656552e-05
agu,0.00014335204873969657
enu,0.0001911360649862621
ruc,0.00014335204873969657
sob,0.0001911360649862621
ery,7.167602436984828e-05
jud,2.389200812328276e-05
api,0.00026281208935611036
lif,7.167602436984828e-05
voi,2.389200812328276e-05
the,0.00011946004061641381
hip,0.0001911360649862621
pud,0.00014335204873969657
air,0.00011946004061641381
eba,7.167602436984828e-05
omu,2.389200812328276e-05
urb,0.00016724405686297935
dos,0.0001911360649862621
lub,0.00011946004061641381
isr,9.556803249313105e-05
nin,0.00023892008123282762
sua,4.778401624656552e-05
faz,9.556803249313105e-05
suf,0.00028670409747939314
bed,4.778401624656552e-05
wee,4.778401624656552e-05
bei,4.778401624656552e-05
tus,4.778401624656552e-05
10,2.389200812328276e-05
oti,2.389200812328276e-05
max,4.778401624656552e-05
mid,0.00011946004061641381
uro,0.00011946004061641381
cne,2.389200812328276e-05
hur,2.389200812328276e-05
dib,0.00014335204873969657
poe,0.00016724405686297935
gon,0.0006211922112053518
mne,7.167602436984828e-05
kib,2.389200812328276e-05
lom,0.0001911360649862621
aga,0.0003583801218492414
eed,2.389200812328276e-05
shr,2.389200812328276e-05
nit,0.00040616413809580696
cie,9.556803249313105e-05
poa,7.167602436984828e-05
ext,0.00021502807310954487
get,0.00023892008123282762
typ,4.778401624656552e-05
re,2.389200812328276e-05
ite,9.556803249313105e-05
tau,7.167602436984828e-05
fle,0.00043005614621908974
sae,7.167602436984828e-05
otr,4.778401624656552e-05
y,2.389200812328276e-05
hel,0.0001911360649862621
myt,2.389200812328276e-05
nol,7.167602436984828e-05
clu,4.778401624656552e-05
p,2.389200812328276e-05
sna,7.167602436984828e-05
mov,0.0001911360649862621
aiu,9.556803249313105e-05
kby,2.389200812328276e-05
kop,4.778401624656552e-05
alf,0.00023892008123282762
sre,2.389200812328276e-05
twe,2.389200812328276e-05
teo,0.00045394815434237246
no,7.167602436984828e-05
rnt,4.778401624656552e-05
syn,4.778401624656552e-05
ars,0.00021502807310954487
thr,7.167602436984828e-05
aru,0.00011946004061641381
4,2.389200812328276e-05
muo,0.00014335204873969657
aro,7.167602436984828e-05
gec,2.389200812328276e-05
erc,2.389200812328276e-05
pou,2.389200812328276e-05
ogi,4.778401624656552e-05
etm,2.389200812328276e-05
tiz,0.00011946004061641381
vec,0.0003822721299725242
wat,0.00016724405686297935
uff,0.0003344881137259587
cip,0.00026281208935611036
feo,2.389200812328276e-05
sum,0.00014335204873969657
opa,0.00016724405686297935
m,2.389200812328276e-05
rhi,2.389200812328276e-05
unt,9.556803249313105e-05
ato,0.00028670409747939314
cun,0.00011946004061641381
ba,2.389200812328276e-05
ank,2.389200812328276e-05
pim,9.556803249313105e-05
iug,4.778401624656552e-05
new,0.00014335204873969657
n,4.778401624656552e-05
afa,4.778401624656552e-05
k,4.778401624656552e-05
elu,0.00016724405686297935
dac,0.0001911360649862621
saz,4.778401624656552e-05
cte,4.778401624656552e-05
mom,0.00016724405686297935
oto,0.00011946004061641381
ove,7.167602436984828e-05
nea,7.167602436984828e-05
lik,4.778401624656552e-05
pl,2.389200812328276e-05
thu,7.167602436984828e-05
wes,2.389200812328276e-05
cai,7.167602436984828e-05
sah,4.778401624656552e-05
voy,4.778401624656552e-05
sge,4.778401624656552e-05
ixo,0.00011946004061641381
koc,2.389200812328276e-05
hyp,9.556803249313105e-05
ead,2.389200812328276e-05
ebd,4.778401624656552e-05
gna,4.778401624656552e-05
juk,2.389200812328276e-05
tax,9.556803249313105e-05
exc,7.167602436984828e-05
ne,2.389200812328276e-05
ail,9.556803249313105e-05
22,2.389200812328276e-05
bee,2.389200812328276e-05
chr,2.389200812328276e-05
gly,2.389200812328276e-05
kia,2.389200812328276e-05
tep,7.167602436984828e-05
mue,4.778401624656552e-05
gyp,4.778401624656552e-05
thl,2.389200812328276e-05
egl,4.778401624656552e-05
lai,0.00014335204873969657
toz,2.389200812328276e-05
pum,2.389200812328276e-05
sku,2.389200812328276e-05
fox,4.778401624656552e-05
war,4.778401624656552e-05
beu,2.389200812328276e-05
kob,4.778401624656552e-05
iat,9.556803249313105e-05
pif,2.389200812328276e-05
gne,2.389200812328276e-05
kap,7.167602436984828e-05
l,4.778401624656552e-05
bob,9.556803249313105e-05
duc,0.00011946004061641381
eut,9.556803249313105e-05
ker,7.167602436984828e-05
s,2.389200812328276e-05
hae,2.389200812328276e-05
viu,2.389200812328276e-05
fiu,9.556803249313105e-05
reo,7.167602436984828e-05
wal,7.167602436984828e-05
lox,4.778401624656552e-05
ma,4.778401624656552e-05
sdo,7.167602436984828e-05
mq,2.389200812328276e-05
qur,4.778401624656552e-05
fut,0.00011946004061641381
nop,2.389200812328276e-05
nzi,2.389200812328276e-05
sri,4.778401624656552e-05
hen,7.167602436984828e-05
aph,4.778401624656552e-05
ern,9.556803249313105e-05
orf,0.00011946004061641381
diq,4.778401624656552e-05
soz,0.00011946004061641381
orp,2.389200812328276e-05
ilf,4.778401624656552e-05
nir,2.389200812328276e-05
has,4.778401624656552e-05
ila,4.778401624656552e-05
aes,2.389200812328276e-05
won,7.167602436984828e-05
ulc,0.00014335204873969657
1,2.389200812328276e-05
haf,2.389200812328276e-05
ciu,0.00026281208935611036
8,2.389200812328276e-05
saf,9.556803249313105e-05
rar,0.00011946004061641381
iuc,2.389200812328276e-05
tul,9.556803249313105e-05
eps,2.389200812328276e-05
nip,7.167602436984828e-05
fez,2.389200812328276e-05
ept,7.167602436984828e-05
nan,0.0001911360649862621
tuo,7.167602436984828e-05
svu,2.389200812328276e-05
sia,4.778401624656552e-05
uso,4.778401624656552e-05
boa,9.556803249313105e-05
hz,2.389200812328276e-05
elc,2.389200812328276e-05
dro,0.00026281208935611036
kit,7.167602436984828e-05
yan,2.389200812328276e-05
nem,0.00014335204873969657
alu,7.167602436984828e-05
joi,4.778401624656552e-05
ocr,2.389200812328276e-05
rha,2.389200812328276e-05
atm,4.778401624656552e-05
toi,2.389200812328276e-05
dl,2.389200812328276e-05
aeg,9.556803249313105e-05
mok,2.389200812328276e-05
dja,2.389200812328276e-05
uka,2.389200812328276e-05
avo,0.00021502807310954487
liu,4.778401624656552e-05
olf,2.389200812328276e-05
aet,2.389200812328276e-05
dii,2.389200812328276e-05
elm,7.167602436984828e-05
dad,4.778401624656552e-05
apl,7.167602436984828e-05
oc,2.389200812328276e-05
dut,4.778401624656552e-05
reb,4.778401624656552e-05
rou,9.556803249313105e-05
pak,4.778401624656552e-05
foa,2.389200812328276e-05
tyt,2.389200812328276e-05
deo,4.778401624656552e-05
myr,7.167602436984828e-05
oug,4.778401624656552e-05
oen,4.778401624656552e-05
sle,0.00016724405686297935
uis,2.389200812328276e-05
irb,2.389200812328276e-05
dej,2.389200812328276e-05
lid,2.389200812328276e-05
tay,2.389200812328276e-05
lor,0.00028670409747939314
ibi,7.167602436984828e-05
old,2.389200812328276e-05
beq,4.778401624656552e-05
anp,2.389200812328276e-05
eni,0.00011946004061641381
io,2.389200812328276e-05
www,2.389200812328276e-05
khm,2.389200812328276e-05
afg,9.556803249313105e-05
bue,7.167602436984828e-05
pev,2.389200812328276e-05
zie,2.389200812328276e-05
ier,7.167602436984828e-05
nen,2.389200812328276e-05
dua,7.167602436984828e-05
uno,4.778401624656552e-05
qi,2.389200812328276e-05
til,9.556803249313105e-05
g,2.389200812328276e-05
bry,2.389200812328276e-05
ein,4.778401624656552e-05
pea,2.389200812328276e-05
kel,2.389200812328276e-05
eol,4.778401624656552e-05
upu,4.778401624656552e-05
noz,4.778401624656552e-05
syr,4.778401624656552e-05
fae,2.389200812328276e-05
aix,4.778401624656552e-05
ege,4.778401624656552e-05
omn,4.778401624656552e-05
nel,2.389200812328276e-05
pfe,2.389200812328276e-05
zuf,7.167602436984828e-05
yem,4.778401624656552e-05
abe,0.00011946004061641381
lug,9.556803249313105e-05
onl,4.778401624656552e-05
mv,2.389200812328276e-05
se,2.389200812328276e-05
goa,2.389200812328276e-05
tif,9.556803249313105e-05
acm,2.389200812328276e-05
27,2.389200812328276e-05
aio,4.778401624656552e-05
tia,4.778401624656552e-05
100,2.389200812328276e-05
osl,2.389200812328276e-05
icn,2.389200812328276e-05
una,7.167602436984828e-05
gur,4.778401624656552e-05
afe,4.778401624656552e-05
bof,2.389200812328276e-05
orz,0.00014335204873969657
inz,4.778401624656552e-05
fif,4.778401624656552e-05
ibr,9.556803249313105e-05
cdr,2.389200812328276e-05
mi,4.778401624656552e-05
har,9.556803249313105e-05
eum,2.389200812328276e-05
mep,4.778401624656552e-05
ien,4.778401624656552e-05
afi,0.00011946004061641381
imi,9.556803249313105e-05
tuc,4.778401624656552e-05
lys,4.778401624656552e-05
idd,2.389200812328276e-05
beb,4.778401624656552e-05
sai,9.556803249313105e-05
ips,2.389200812328276e-05
ruv,0.00011946004061641381
ruf,9.556803249313105e-05
los,0.00011946004061641381
tao,2.389200812328276e-05
igr,4.778401624656552e-05
kan,4.778401624656552e-05
nos,0.00014335204873969657
roc,0.00021502807310954487
nur,2.389200812328276e-05
vr,2.389200812328276e-05
pus,9.556803249313105e-05
rez,2.389200812328276e-05
ko,2.389200812328276e-05
la,2.389200812328276e-05
nud,0.00011946004061641381
neq,2.389200812328276e-05
kry,2.389200812328276e-05
iod,9.556803249313105e-05
ugr,2.389200812328276e-05
got,0.00014335204873969657
hor,7.167602436984828e-05
si,2.389200812328276e-05
zum,2.389200812328276e-05
bua,2.389200812328276e-05
tef,2.389200812328276e-05
kiv,2.389200812328276e-05
jai,4.778401624656552e-05
sut,2.389200812328276e-05
wc,2.389200812328276e-05
ecg,2.389200812328276e-05
box,0.00011946004061641381
pvc,2.389200812328276e-05
foe,4.778401624656552e-05
yb,2.389200812328276e-05
ugg,4.778401624656552e-05
win,7.167602436984828e-05
hab,9.556803249313105e-05
sav,0.00014335204873969657
ads,2.389200812328276e-05
rau,4.778401624656552e-05
jee,2.389200812328276e-05
isa,7.167602436984828e-05
eyr,4.778401624656552e-05
ph,2.389200812328276e-05
mc,2.389200812328276e-05
oze,2.389200812328276e-05
tai,4.778401624656552e-05
ct,2.389200812328276e-05
eac,2.389200812328276e-05
waf,2.389200812328276e-05
18,2.389200812328276e-05
aot,2.389200812328276e-05
bow,4.778401624656552e-05
jab,2.389200812328276e-05
laq,2.389200812328276e-05
lek,4.778401624656552e-05
kak,2.389200812328276e-05
joy,2.389200812328276e-05
slu,2.389200812328276e-05
gb,2.389200812328276e-05
26,2.389200812328276e-05
nuz,2.389200812328276e-05
aed,4.778401624656552e-05
ibe,4.778401624656552e-05
bup,2.389200812328276e-05
tev,2.389200812328276e-05
kaj,2.389200812328276e-05
fry,2.389200812328276e-05
aya,2.389200812328276e-05
15,2.389200812328276e-05
6,2.389200812328276e-05
nei,2.389200812328276e-05
ilb,2.389200812328276e-05
usa,0.00011946004061641381
kog,4.778401624656552e-05
vee,4.778401624656552e-05
loi,2.389200812328276e-05
tsu,4.778401624656552e-05
usu,0.00014335204873969657
cyc,7.167602436984828e-05
mo,2.389200812328276e-05
mef,2.389200812328276e-05
azo,2.389200812328276e-05
eth,4.778401624656552e-05
dul,4.778401624656552e-05
bo,2.389200812328276e-05
oil,2.389200812328276e-05
loz,2.389200812328276e-05
aft,2.389200812328276e-05
esb,4.778401624656552e-05
kne,2.389200812328276e-05
bif,7.167602436984828e-05
qin,9.556803249313105e-05
bah,9.556803249313105e-05
mie,0.00016724405686297935
hou,2.389200812328276e-05
v,2.389200812328276e-05
gok,2.389200812328276e-05
loo,2.389200812328276e-05
gou,4.778401624656552e-05
ice,7.167602436984828e-05
fhn,2.389200812328276e-05
hyd,9.556803249313105e-05
mia,0.00014335204873969657
vem,2.389200812328276e-05
pd,2.389200812328276e-05
30,2.389200812328276e-05
sun,7.167602436984828e-05
ibs,2.389200812328276e-05
lov,2.389200812328276e-05
yen,4.778401624656552e-05
xte,2.389200812328276e-05
zav,2.389200812328276e-05
omm,2.389200812328276e-05
iol,4.778401624656552e-05
wel,7.167602436984828e-05
qat,2.389200812328276e-05
jr,2.389200812328276e-05
lue,4.778401624656552e-05
pix,2.389200812328276e-05
kim,2.389200812328276e-05
fee,2.389200812328276e-05
2,2.389200812328276e-05
elf,2.389200812328276e-05
ioi,2.389200812328276e-05
tob,2.389200812328276e-05
syd,2.389200812328276e-05
crp,2.389200812328276e-05
irs,2.389200812328276e-05
em,2.389200812328276e-05
tei,4.778401624656552e-05
ilg,2.389200812328276e-05
upp,2.389200812328276e-05
kra,2.389200812328276e-05
daz,4.778401624656552e-05
chq,2.389200812328276e-05
uca,2.389200812328276e-05
ziz,9.556803249313105e-05
obo,7.167602436984828e-05
h2o,2.389200812328276e-05
lof,2.389200812328276e-05
anv,2.389200812328276e-05
db,2.389200812328276e-05
bod,9.556803249313105e-05
zlo,4.778401624656552e-05
kuk,2.389200812328276e-05
lux,2.389200812328276e-05
guf,4.778401624656552e-05
tof,2.389200812328276e-05
yag,2.389200812328276e-05
may,4.778401624656552e-05
egr,9.556803249313105e-05
paa,7.167602436984828e-05
eun,2.389200812328276e-05
opo,9.556803249313105e-05
alq,2.389200812328276e-05
emm,2.389200812328276e-05
cao,9.556803249313105e-05
htt,2.389200812328276e-05
foo,9.556803249313105e-05
utr,2.389200812328276e-05
dea,4.778401624656552e-05
ita,7.167602436984828e-05
egu,0.00011946004061641381
cyb,2.389200812328276e-05
buz,2.389200812328276e-05
vam,2.389200812328276e-05
urc,2.389200812328276e-05
myx,2.389200812328276e-05
jur,2.389200812328276e-05
ens,2.389200812328276e-05
o,2.389200812328276e-05
zop,7.167602436984828e-05
zod,2.389200812328276e-05
mse,2.389200812328276e-05
coq,2.389200812328276e-05
foh,2.389200812328276e-05
bik,2.389200812328276e-05
atu,2.389200812328276e-05
mun,0.00026281208935611036
ceb,4.778401624656552e-05
ror,4.778401624656552e-05
unz,2.389200812328276e-05
gof,7.167602436984828e-05
acn,2.389200812328276e-05
wap,2.389200812328276e-05
tiv,4.778401624656552e-05
mya,2.389200812328276e-05
ci,2.389200812328276e-05
inb,4.778401624656552e-05
roy,2.389200812328276e-05
xen,4.778401624656552e-05
reu,4.778401624656552e-05
aln,7.167602436984828e-05
uvu,4.778401624656552e-05
yet,2.389200812328276e-05
tui,2.389200812328276e-05
yug,2.389200812328276e-05
ufo,2.389200812328276e-05
bak,2.389200812328276e-05
uge,2.389200812328276e-05
hl,2.389200812328276e-05
syl,7.167602436984828e-05
swi,2.389200812328276e-05
anu,4.778401624656552e-05
kua,2.389200812328276e-05
pam,7.167602436984828e-05
feg,4.778401624656552e-05
yac,4.778401624656552e-05
yup,2.389200812328276e-05
ire,4.778401624656552e-05
16,2.389200812328276e-05
riq,2.389200812328276e-05
sex,4.778401624656552e-05
edp,2.389200812328276e-05
seb,7.167602436984828e-05
aze,9.556803249313105e-05
mx,2.389200812328276e-05
usi,7.167602436984828e-05
uls,2.389200812328276e-05
to,2.389200812328276e-05
efi,2.389200812328276e-05
ebo,2.389200812328276e-05
dak,2.389200812328276e-05
nun,7.167602436984828e-05
kod,2.389200812328276e-05
arz,9.556803249313105e-05
ecb,2.389200812328276e-05
ota,0.00014335204873969657
ken,4.778401624656552e-05
gaf,2.389200812328276e-05
zur,2.389200812328276e-05
hau,2.389200812328276e-05
hus,2.389200812328276e-05
kur,2.389200812328276e-05
uad,2.389200812328276e-05
wag,4.778401624656552e-05
mud,2.389200812328276e-05
aye,2.389200812328276e-05
joc,2.389200812328276e-05
oni,4.778401624656552e-05
lia,2.389200812328276e-05
ams,2.389200812328276e-05
obe,4.778401624656552e-05
uve,2.389200812328276e-05
r,2.389200812328276e-05
edr,2.389200812328276e-05
tis,9.556803249313105e-05
oxy,2.389200812328276e-05
ypr,2.389200812328276e-05
jaz,4.778401624656552e-05
elv,2.389200812328276e-05
jog,4.778401624656552e-05
fln,2.389200812328276e-05
onu,2.389200812328276e-05
pm,2.389200812328276e-05
coy,2.389200812328276e-05
hob,2.389200812328276e-05
piq,2.389200812328276e-05
13,2.389200812328276e-05
nio,2.389200812328276e-05
bao,2.389200812328276e-05
3,2.389200812328276e-05
urd,2.389200812328276e-05
sni,4.778401624656552e-05
dru,4.778401624656552e-05
foi,4.778401624656552e-05
rft,2.389200812328276e-05
maf,2.389200812328276e-05
dob,2.389200812328276e-05
jea,2.389200812328276e-05
zal,2.389200812328276e-05
tok,4.778401624656552e-05
btp,2.389200812328276e-05
jas,2.389200812328276e-05
60,2.389200812328276e-05
fmi,4.778401624656552e-05
amf,2.389200812328276e-05
bez,2.389200812328276e-05
ouv,2.389200812328276e-05
17,2.389200812328276e-05
hye,2.389200812328276e-05
cok,2.389200812328276e-05
hud,2.389200812328276e-05
opi,0.00011946004061641381
seu,4.778401624656552e-05
igu,2.389200812328276e-05
xil,0.00011946004061641381
kay,2.389200812328276e-05
nou,2.389200812328276e-05
20,2.389200812328276e-05
ilo,2.389200812328276e-05
snu,2.389200812328276e-05
ili,7.167602436984828e-05
kab,2.389200812328276e-05
ivi,2.389200812328276e-05
jav,2.389200812328276e-05
eia,2.389200812328276e-05
daa,4.778401624656552e-05
pht,4.778401624656552e-05
kol,2.389200812328276e-05
sbl,2.389200812328276e-05
kri,2.389200812328276e-05
soo,2.389200812328276e-05
zet,2.389200812328276e-05
hib,2.389200812328276e-05
axo,2.389200812328276e-05
12,2.389200812328276e-05
dun,2.389200812328276e-05
mcm,2.389200812328276e-05
kas,2.389200812328276e-05
heg,2.389200812328276e-05
11,2.389200812328276e-05
ve,2.389200812328276e-05
plo,2.389200812328276e-05
lwe,4.778401624656552e-05
fi,2.389200812328276e-05
urn,2.389200812328276e-05
aor,4.778401624656552e-05
mak,4.778401624656552e-05
von,2.389200812328276e-05
cd,4.778401624656552e-05
eld,2.389200812328276e-05
koa,2.389200812328276e-05
ilr,2.389200812328276e-05
dug,2.389200812328276e-05
cl,2.389200812328276e-05
ro,2.389200812328276e-05
chs,2.389200812328276e-05
b2,2.389200812328276e-05
gnu,2.389200812328276e-05
yps,2.389200812328276e-05
bey,2.389200812328276e-05
igo,2.389200812328276e-05
hed,2.389200812328276e-05
nae,2.389200812328276e-05
pnl,2.389200812328276e-05
bum,2.389200812328276e-05
maq,2.389200812328276e-05
eeg,2.389200812328276e-05
gog,2.389200812328276e-05
teq,2.389200812328276e-05
tib,9.556803249313105e-05
af,2.389200812328276e-05
moq,2.389200812328276e-05
abn,2.389200812328276e-05
soa,4.778401624656552e-05
joh,4.778401624656552e-05
tbc,2.389200812328276e-05
iln,2.389200812328276e-05
mee,4.778401624656552e-05
nyl,2.389200812328276e-05
mah,4.778401624656552e-05
xes,2.389200812328276e-05
jut,2.389200812328276e-05
nab,2.389200812328276e-05
pok,2.389200812328276e-05
28,2.389200812328276e-05
isu,2.389200812328276e-05
biq,2.389200812328276e-05
t,4.778401624656552e-05
aso,7.167602436984828e-05
bux,2.389200812328276e-05
hg,2.389200812328276e-05
aie,2.389200812328276e-05
koi,2.389200812328276e-05
yuc,2.389200812328276e-05
tsh,2.389200812328276e-05
siz,2.389200812328276e-05
tup,2.389200812328276e-05
eph,2.389200812328276e-05
bem,4.778401624656552e-05
fbi,2.389200812328276e-05
loq,4.778401624656552e-05
kle,2.389200812328276e-05
oas,2.389200812328276e-05
kiw,2.389200812328276e-05
ule,2.389200812328276e-05
oci,2.389200812328276e-05
ulm,4.778401624656552e-05
oog,2.389200812328276e-05
tv,2.389200812328276e-05
yid,2.389200812328276e-05
gey,2.389200812328276e-05
hyo,2.389200812328276e-05
lop,2.389200812328276e-05
iul,2.389200812328276e-05
tmg,2.389200812328276e-05
sym,4.778401624656552e-05
nb,2.389200812328276e-05
mof,2.389200812328276e-05
ozo,2.389200812328276e-05
ait,2.389200812328276e-05
tsv,2.389200812328276e-05
jak,2.389200812328276e-05
esq,2.389200812328276e-05
e,2.389200812328276e-05
gay,2.389200812328276e-05
do,2.389200812328276e-05
hin,2.389200812328276e-05
nia,2.389200812328276e-05
juj,2.389200812328276e-05
eau,2.389200812328276e-05
boy,2.389200812328276e-05
naf,4.778401624656552e-05
sky,2.389200812328276e-05
zos,2.389200812328276e-05
lym,2.389200812328276e-05
toa,2.389200812328276e-05
cee,2.389200812328276e-05
ile,2.389200812328276e-05
rey,2.389200812328276e-05
afn,2.389200812328276e-05
ecz,2.389200812328276e-05
eir,2.389200812328276e-05
une,2.389200812328276e-05
pso,2.389200812328276e-05
5,2.389200812328276e-05
urg,2.389200812328276e-05
aep,2.389200812328276e-05
mix,2.389200812328276e-05
nym,2.389200812328276e-05
foy,2.389200812328276e-05
yar,2.389200812328276e-05
es,2.389200812328276e-05
ytt,4.778401624656552e-05
euo,2.389200812328276e-05
irl,4.778401624656552e-05
web,2.389200812328276e-05
was,4.778401624656552e-05
hif,2.389200812328276e-05
poo,2.389200812328276e-05
aig,2.389200812328276e-05
zea,2.389200812328276e-05
zio,2.389200812328276e-05
iar,2.389200812328276e-05
teb,2.389200812328276e-05
amu,2.389200812328276e-05
bog,2.389200812328276e-05
mw,2.389200812328276e-05
cm,2.389200812328276e-05
otu,2.389200812328276e-05
gap,2.389200812328276e-05
su,2.389200812328276e-05
teh,2.389200812328276e-05
kai,2.389200812328276e-05
yol,2.389200812328276e-05
puf,2.389200812328276e-05
ssi,2.389200812328276e-05
24,2.389200812328276e-05
m2,2.389200812328276e-05
rna,2.389200812328276e-05
iot,2.389200812328276e-05
vad,2.389200812328276e-05
