esq,0.0003816793893129771
mue,0.0004362050163576881
jen,0.00016357688113413304
jos,0.0008996728462377317
per,0.0063249727371864775
gre,0.0007088331515812432
gne,0.03609596510359869
cic,0.0006543075245365322
ota,0.00016357688113413304
tro,0.0015539803707742639
cos,0.0011995637949836423
cru,0.0008451472191930207
leg,0.0005179934569247547
lui,0.00013631406761177754
vei,0.00010905125408942203
fot,0.0007088331515812432
sla,0.00010905125408942203
hur,0.00019083969465648855
mod,0.0008724100327153762
muq,2.7262813522355506e-05
ent,0.0031624863685932388
cal,0.003598691384950927
cab,0.0016902944383860414
soc,0.0009814612868047983
kie,2.7262813522355506e-05
imp,0.0035714285714285713
ale,0.002044711014176663
sta,0.0007360959651035987
par,0.005534351145038168
ate,0.0007633587786259542
mar,0.0055070883315158125
fam,0.014776444929116684
bob,0.0003816793893129771
llo,0.0002726281352235551
hyd,0.0004907306434023992
oce,8.178844056706652e-05
maz,0.00013631406761177754
alg,0.0007633587786259542
car,0.006842966194111232
e,2.7262813522355506e-05
cap,0.0023991275899672847
est,0.00806979280261723
las,0.0004089422028353326
pip,0.0004362050163576881
anc,0.0004362050163576881
vag,0.0004634678298800436
irr,0.0009541984732824427
neu,0.0013086150490730644
caq,8.178844056706652e-05
esc,0.004471101417666303
hac,0.0035714285714285713
gui,0.0005452562704471102
bee,5.452562704471101e-05
rac,0.0003544165757906216
for,0.0017993456924754634
mep,2.7262813522355506e-05
jug,0.0005179934569247547
fru,0.0003271537622682661
geo,0.0027262813522355507
com,0.006842966194111232
ele,0.001717557251908397
des,0.01316793893129771
gla,0.0005725190839694657
hen,0.0013086150490730644
cor,0.0056161395856052345
tri,0.00376226826608506
cra,0.0006543075245365322
rec,0.004143947655398037
mes,0.0008724100327153762
raq,0.00010905125408942203
pal,0.0024536532170119957
inf,0.002208287895310796
bru,0.0005725190839694657
mon,0.0030261723009814613
hel,0.0011995637949836423
nom,0.0007360959651035987
moz,0.00019083969465648855
inc,0.0029989094874591058
con,0.01649400218102508
bat,0.0014449291166848419
ter,0.0022900763358778627
fre,0.0016085059978189749
req,0.00019083969465648855
obt,0.00010905125408942203
fil,0.0015267175572519084
die,0.0004089422028353326
hum,0.0007906215921483097
pel,0.0012813522355507089
hom,0.0011450381679389313
apo,0.0008178844056706652
onu,5.452562704471101e-05
exc,0.0011995637949836423
pon,0.0016902944383860414
ban,0.0013631406761177754
mac,0.0013904034896401309
tor,0.0018538713195201744
gas,0.0009541984732824427
buf,0.0003544165757906216
hor,0.0013631406761177754
len,0.0013631406761177754
poi,0.00013631406761177754
evo,0.00010905125408942203
cum,0.0002998909487459106
dia,0.0012540894220283534
van,0.0007633587786259542
cas,0.001826608505997819
api,0.0002726281352235551
men,0.001826608505997819
mis,0.0005997818974918212
ama,0.0008451472191930207
sch,0.0004362050163576881
tac,0.0002998909487459106
oes,0.00010905125408942203
rpc,2.7262813522355506e-05
bil,0.0005452562704471102
mel,0.0013631406761177754
pav,0.0005452562704471102
bra,0.0012813522355507089
cha,0.003871319520174482
asa,0.0004634678298800436
yoy,2.7262813522355506e-05
cai,2.7262813522355506e-05
edu,0.0002998909487459106
pan,0.0020719738276990187
sol,0.002262813522355507
zah,5.452562704471101e-05
win,0.0002453653217011996
la,2.7262813522355506e-05
tin,0.0004907306434023992
end,0.0009814612868047983
ard,0.0003544165757906216
pul,0.0004362050163576881
pin,0.0015267175572519084
ven,0.0022900763358778627
fra,0.0026990185387131952
los,0.00016357688113413304
bla,0.0009541984732824427
xtc,2.7262813522355506e-05
lit,0.0009814612868047983
ant,0.003816793893129771
por,0.002480916030534351
abr,0.0008996728462377317
lep,0.0008178844056706652
chi,0.001990185387131952
ber,0.0007088331515812432
ste,0.0014176663031624864
bue,0.0008451472191930207
agr,0.0011177753544165758
pis,0.0007088331515812432
bot,0.0008178844056706652
ori,0.0007633587786259542
lob,0.0002998909487459106
oto,0.00021810250817884405
ord,0.003598691384950927
ked,2.7262813522355506e-05
md,2.7262813522355506e-05
art,0.0027535441657579062
cla,0.0022355507088331517
der,0.00188113413304253
cad,0.0006270447110141767
ins,0.003380588876772083
ofr,0.00019083969465648855
sig,0.0005997818974918212
elc,0.00010905125408942203
euc,0.00019083969465648855
pol,0.0029716466739367503
rod,0.0004362050163576881
asi,0.0010359869138495093
fac,0.0012268266085059978
pra,0.0003544165757906216
hab,0.0008451472191930207
cua,0.0015267175572519084
pre,0.005534351145038168
que,0.0018538713195201744
bus,0.0005997818974918212
rai,5.452562704471101e-05
pox,8.178844056706652e-05
hon,0.0005997818974918212
tre,0.0005997818974918212
abu,0.0006543075245365322
ges,0.00021810250817884405
gri,0.0006270447110141767
pas,0.002535441657579062
fig,0.0003271537622682661
alm,0.0008724100327153762
cat,0.0015539803707742639
joh,0.00376226826608506
adm,0.0005452562704471102
led,8.178844056706652e-05
sos,0.0003816793893129771
pro,0.00940567066521265
fat,0.0002726281352235551
gav,0.00016357688113413304
arc,0.0017448200654307524
hij,0.00013631406761177754
vas,0.0005179934569247547
hag,0.00010905125408942203
tab,0.0007633587786259542
arm,0.0008996728462377317
gor,0.0006815703380588877
caz,0.0010087241003271538
ves,0.0004089422028353326
ext,0.0013631406761177754
gal,0.001826608505997819
emp,0.0023991275899672847
pat,0.0019629225736095966
cel,0.0007088331515812432
sob,0.0016357688113413304
enf,0.0010087241003271538
ful,0.0003271537622682661
tra,0.006815703380588877
fla,0.0006815703380588877
agu,0.0013904034896401309
tir,0.0011177753544165758
can,0.003380588876772083
str,0.0006815703380588877
cay,8.178844056706652e-05
rei,0.0009541984732824427
epg,5.452562704471101e-05
qui,0.0015539803707742639
res,0.0032988004362050163
pos,0.0011723009814612868
ond,0.0003271537622682661
igl,0.0005997818974918212
mom,0.00019083969465648855
int,0.0037350054525627043
tas,0.0002726281352235551
fay,5.452562704471101e-05
ubi,5.452562704471101e-05
obo,5.452562704471101e-05
cot,0.0005452562704471102
ang,0.0008178844056706652
ade,0.0008996728462377317
spt,8.178844056706652e-05
alb,0.0011723009814612868
ace,0.0012813522355507089
sap,0.0002453653217011996
enu,0.0002453653217011996
vac,0.0005452562704471102
dru,0.00013631406761177754
cre,0.0013904034896401309
xid,8.178844056706652e-05
uni,0.0059432933478735005
usu,0.00013631406761177754
sal,0.004525627044711014
zap,0.0002726281352235551
vig,0.0003544165757906216
zon,0.0002998909487459106
gru,0.0007088331515812432
esp,0.0035169029443838603
flu,0.0005452562704471102
sue,0.0005725190839694657
cro,0.0011450381679389313
div,0.0010632497273718648
ger,0.0009541984732824427
oll,8.178844056706652e-05
ras,0.0004907306434023992
sky,2.7262813522355506e-05
rga,0.00021810250817884405
seg,0.0009269356597600872
cit,0.0009541984732824427
psq,2.7262813522355506e-05
mov,0.0006270447110141767
glo,0.0008178844056706652
zyg,0.00010905125408942203
gar,0.0007906215921483097
pha,0.0006543075245365322
poe,0.0004362050163576881
aca,0.0012813522355507089
but,0.0002453653217011996
fun,0.0008451472191930207
jea,0.0005725190839694657
toc,0.0003544165757906216
obs,0.0006543075245365322
mal,0.002535441657579062
exh,0.0002726281352235551
gus,0.0005179934569247547
loc,0.0004907306434023992
dej,0.0005179934569247547
flo,0.0007633587786259542
lau,0.0002998909487459106
sis,0.0010087241003271538
arr,0.0015539803707742639
hed,0.00016357688113413304
dar,0.0026444929116684842
nos,0.0004634678298800436
neg,0.0006270447110141767
ass,2.7262813522355506e-05
act,0.0011723009814612868
aud,0.0003271537622682661
enl,0.0004907306434023992
edi,0.0005997818974918212
ens,0.0008996728462377317
ren,0.0007906215921483097
pla,0.0028625954198473282
hol,0.0005997818974918212
eva,0.0006270447110141767
tom,0.0009814612868047983
jer,0.0004907306434023992
vit,0.0005997818974918212
nov,0.0006270447110141767
cri,0.0017448200654307524
noc,0.0008178844056706652
sat,0.0005179934569247547
vue,0.00021810250817884405
lic,0.0007360959651035987
deb,0.0006270447110141767
bis,0.0005997818974918212
frm,8.178844056706652e-05
edw,0.0009541984732824427
sem,0.0009541984732824427
enc,0.0028898582333696837
var,0.0006270447110141767
ind,0.0023446019629225737
env,0.0008178844056706652
prr,8.178844056706652e-05
pet,0.0011177753544165758
ser,0.0022900763358778627
eti,0.0002726281352235551
thr,0.00019083969465648855
gia,0.0002453653217011996
vla,0.00019083969465648855
cod,0.0002998909487459106
lib,0.0011995637949836423
ead,2.7262813522355506e-05
man,0.0036259541984732823
rut,0.0006270447110141767
hit,8.178844056706652e-05
ozo,0.00010905125408942203
aus,0.0004907306434023992
bas,0.0007906215921483097
sel,0.0004634678298800436
dis,0.004143947655398037
arg,0.0005725190839694657
met,0.001826608505997819
rem,0.0013904034896401309
lim,0.0011723009814612868
asc,0.0006815703380588877
nym,5.452562704471101e-05
wil,0.0029171210468920392
bom,0.0006270447110141767
col,0.0038985823336968374
zac,8.178844056706652e-05
try,8.178844056706652e-05
lan,0.0010905125408942203
opi,0.0002453653217011996
giu,0.00010905125408942203
leh,5.452562704471101e-05
orz,8.178844056706652e-05
mor,0.0013631406761177754
cui,0.0002726281352235551
muh,8.178844056706652e-05
pod,0.0006815703380588877
sar,0.0010087241003271538
paj,0.00010905125408942203
lam,0.0009814612868047983
lig,0.0005725190839694657
acu,0.0009541984732824427
gin,0.0005179934569247547
cyr,8.178844056706652e-05
inv,0.0011723009814612868
sin,0.0036804798255179933
plu,0.0003816793893129771
ver,0.0020719738276990187
nin,0.0002726281352235551
rep,0.0032170119956379498
har,0.0011450381679389313
eur,0.0003271537622682661
apr,0.0009541984732824427
sam,0.0008178844056706652
fit,0.00016357688113413304
ril,2.7262813522355506e-05
oxy,0.00016357688113413304
cub,0.0006270447110141767
ict,0.00021810250817884405
oru,0.00019083969465648855
bon,0.0004634678298800436
rub,0.0002998909487459106
mbo,2.7262813522355506e-05
enm,0.0004907306434023992
pia,0.00013631406761177754
kis,8.178844056706652e-05
all,0.0005725190839694657
rol,0.0002726281352235551
ros,0.0007633587786259542
cer,0.0027535441657579062
emb,0.0016085059978189749
fie,0.0004634678298800436
dec,0.002535441657579062
ses,0.00021810250817884405
mid,5.452562704471101e-05
tal,0.0008178844056706652
sim,0.0011995637949836423
cuc,0.0005997818974918212
got,0.00021810250817884405
umb,0.00013631406761177754
gen,0.001663031624863686
ino,0.0003544165757906216
lee,0.0002998909487459106
ann,0.0005997818974918212
msd,2.7262813522355506e-05
del,0.0026444929116684842
val,0.0010359869138495093
ans,0.0003544165757906216
rap,0.0004362050163576881
ric,0.0010359869138495093
cho,0.0007633587786259542
ult,0.0002998909487459106
sor,0.0006543075245365322
moh,0.00021810250817884405
fon,0.0006543075245365322
sha,0.0004907306434023992
fug,0.00013631406761177754
mos,0.0005997818974918212
che,0.0005997818974918212
kin,0.00016357688113413304
fri,0.0008178844056706652
lat,0.0006543075245365322
dif,0.0006543075245365322
cam,0.0029716466739367503
ded,0.0004089422028353326
eri,0.0007088331515812432
b,5.452562704471101e-05
has,0.0003271537622682661
cur,0.0012540894220283534
dom,0.0006270447110141767
dem,0.0012268266085059978
hal,0.0008724100327153762
ten,0.0014994547437295529
pes,0.0011177753544165758
mus,0.0010087241003271538
dre,0.00019083969465648855
gan,0.0006543075245365322
gln,0.00021810250817884405
maj,0.00019083969465648855
cee,5.452562704471101e-05
lop,0.00016357688113413304
sax,0.00019083969465648855
amb,0.0005725190839694657
tho,0.0015812431842966194
gig,0.00019083969465648855
utu,5.452562704471101e-05
den,0.0012540894220283534
azu,0.0004634678298800436
bar,0.0025081788440567067
2de,5.452562704471101e-05
myt,5.452562704471101e-05
noo,5.452562704471101e-05
dro,0.0002453653217011996
enr,0.0007906215921483097
bre,0.0003816793893129771
hug,0.0002998909487459106
dag,5.452562704471101e-05
apa,0.0014176663031624864
shi,0.0002453653217011996
bio,0.0007360959651035987
dox,0.00010905125408942203
lor,0.0003816793893129771
ali,0.0009814612868047983
pue,0.0012813522355507089
emi,0.0005452562704471102
mih,2.7262813522355506e-05
mig,0.00016357688113413304
ado,0.0009814612868047983
tay,0.00010905125408942203
gio,0.00013631406761177754
did,0.00010905125408942203
bro,0.0008724100327153762
ata,0.0005725190839694657
sab,0.0005997818974918212
med,0.001826608505997819
cir,0.0009814612868047983
nyc,0.00013631406761177754
sci,0.0002998909487459106
eco,0.0003816793893129771
cen,0.0015812431842966194
gob,0.0004362050163576881
m,2.7262813522355506e-05
alf,0.0010905125408942203
obj,0.0003271537622682661
ana,0.0014176663031624864
her,0.001717557251908397
vap,0.00013631406761177754
rea,0.0011995637949836423
enj,0.0002453653217011996
pil,0.0005997818974918212
tea,0.00013631406761177754
urg,5.452562704471101e-05
14d,5.452562704471101e-05
jes,0.00019083969465648855
amo,0.0008178844056706652
cim,0.0003544165757906216
sil,0.0011995637949836423
pun,0.0010087241003271538
ini,0.0003816793893129771
equ,0.0013086150490730644
riv,0.00010905125408942203
adj,0.00021810250817884405
foc,0.00016357688113413304
tym,2.7262813522355506e-05
orc,8.178844056706652e-05
nuc,0.00019083969465648855
osm,0.00016357688113413304
pri,0.002044711014176663
lou,0.0004634678298800436
vat,0.00010905125408942203
ipo,8.178844056706652e-05
tyr,0.00010905125408942203
hem,0.0015812431842966194
dep,0.0012268266085059978
rib,0.00021810250817884405
nor,0.0012813522355507089
sub,0.003707742639040349
hip,0.0025627044711014177
ape,0.0005725190839694657
yuc,5.452562704471101e-05
spe,0.0003271537622682661
abo,0.0009814612868047983
epi,0.0012540894220283534
spa,0.0002726281352235551
wal,0.0005179934569247547
lid,0.00021810250817884405
dav,0.0007088331515812432
gol,0.0011177753544165758
lah,5.452562704471101e-05
rhi,0.0002726281352235551
xyp,2.7262813522355506e-05
asu,0.00016357688113413304
pie,0.0012813522355507089
azc,0.00021810250817884405
tie,0.0006270447110141767
box,0.00013631406761177754
jan,0.0004089422028353326
vel,0.0005725190839694657
via,0.0004362050163576881
ine,0.0005725190839694657
hil,0.0002726281352235551
tel,0.0015267175572519084
cpu,8.178844056706652e-05
hig,0.00019083969465648855
gra,0.0032988004362050163
cip,0.00010905125408942203
cul,0.0008178844056706652
avi,0.0004089422028353326
pua,5.452562704471101e-05
bim,0.00016357688113413304
spy,2.7262813522355506e-05
vib,0.00019083969465648855
nef,0.0002998909487459106
mot,0.0008724100327153762
ena,0.0003271537622682661
msc,0.00021810250817884405
anl,0.00019083969465648855
vin,0.0007360959651035987
mau,0.0003271537622682661
mul,0.0005179934569247547
rui,0.00019083969465648855
dil,0.0003816793893129771
suj,0.00010905125408942203
rum,0.0002453653217011996
sot,0.00013631406761177754
to,2.7262813522355506e-05
bol,0.0008724100327153762
hin,0.00021810250817884405
fab,0.0004634678298800436
rif,0.00021810250817884405
cue,0.0011723009814612868
bea,0.00010905125408942203
oli,0.0005452562704471102
ret,0.00188113413304253
pit,0.0004089422028353326
mag,0.0007088331515812432
snd,0.00019083969465648855
bie,0.0002998909487459106
mat,0.0011723009814612868
tem,0.0008178844056706652
bor,0.0010087241003271538
rob,0.0021264994547437297
ani,0.0007906215921483097
ase,0.0007360959651035987
atr,0.0010632497273718648
pub,0.0004089422028353326
lot,8.178844056706652e-05
lla,0.0010359869138495093
lbu,0.00016357688113413304
ndi,0.00016357688113413304
mai,0.00010905125408942203
dic,0.0008724100327153762
toa,8.178844056706652e-05
chu,0.0006270447110141767
gle,0.0002453653217011996
aer,0.0004089422028353326
pen,0.0018538713195201744
lle,0.0007088331515812432
alo,0.0007088331515812432
fut,0.00016357688113413304
opa,0.00013631406761177754
cie,0.0007906215921483097
don,0.0005997818974918212
mic,0.0016357688113413304
org,0.0008178844056706652
ima,0.0003271537622682661
reu,0.0002998909487459106
mcc,5.452562704471101e-05
aut,0.0022900763358778627
fav,0.00010905125408942203
ceb,0.00021810250817884405
tes,0.0007088331515812432
red,0.0007360959651035987
ala,0.0011177753544165758
typ,5.452562704471101e-05
sec,0.0011450381679389313
stf,2.7262813522355506e-05
amg,2.7262813522355506e-05
and,0.001935659760087241
rel,0.0014176663031624864
mia,0.00016357688113413304
lde,0.00019083969465648855
apc,8.178844056706652e-05
sho,0.0004634678298800436
exb,5.452562704471101e-05
5de,2.7262813522355506e-05
six,2.7262813522355506e-05
lin,0.0011450381679389313
voc,0.00021810250817884405
due,0.00013631406761177754
oxi,0.0003271537622682661
his,0.0007633587786259542
tar,0.0009814612868047983
rue,0.0003271537622682661
och,0.00016357688113413304
sdi,2.7262813522355506e-05
veh,0.00010905125408942203
ami,0.0006270447110141767
tur,0.0008451472191930207
oni,0.00013631406761177754
cao,0.0002453653217011996
olg,2.7262813522355506e-05
ido,5.452562704471101e-05
mas,0.0013631406761177754
ofi,0.0006543075245365322
kat,0.00016357688113413304
lyc,0.0002453653217011996
san,0.00242639040348964
fue,0.0007088331515812432
nep,0.00016357688113413304
ces,0.0003816793893129771
dir,0.0005725190839694657
nac,0.0003271537622682661
ory,0.0002998909487459106
tit,0.0005997818974918212
slo,2.7262813522355506e-05
cyp,8.178844056706652e-05
msi,0.00016357688113413304
eje,0.0005725190839694657
ofe,0.00021810250817884405
moo,8.178844056706652e-05
nix,5.452562704471101e-05
lec,0.0010087241003271538
web,0.00016357688113413304
lis,0.0006543075245365322
phy,0.0005179934569247547
obi,0.00016357688113413304
eno,0.00021810250817884405
poc,0.0015539803707742639
hex,0.00013631406761177754
ily,5.452562704471101e-05
pus,8.178844056706652e-05
meg,0.0007633587786259542
eor,5.452562704471101e-05
noe,0.0005452562704471102
lio,0.00013631406761177754
clo,0.0007633587786259542
iis,2.7262813522355506e-05
han,0.0003816793893129771
oea,5.452562704471101e-05
sup,0.001717557251908397
oti,0.00010905125408942203
bal,0.0016085059978189749
rom,0.0007633587786259542
vie,0.0004362050163576881
acr,0.0006815703380588877
pea,0.00016357688113413304
ham,0.0003816793893129771
tol,0.0002453653217011996
otr,2.7262813522355506e-05
zan,0.00019083969465648855
ibr,2.7262813522355506e-05
sum,0.0004362050163576881
mvi,2.7262813522355506e-05
tan,0.0005997818974918212
urs,0.00010905125408942203
spi,0.0004089422028353326
orq,0.00016357688113413304
gem,0.0002726281352235551
hie,0.0003271537622682661
ast,0.0008178844056706652
uno,8.178844056706652e-05
vol,0.0015812431842966194
dol,0.0004907306434023992
rer,0.00021810250817884405
uns,2.7262813522355506e-05
nat,0.0007088331515812432
sus,0.0011723009814612868
jam,0.001772082878953108
lut,0.00016357688113413304
tof,0.00010905125408942203
bac,0.0007360959651035987
pru,0.0006815703380588877
dur,0.0003544165757906216
min,0.0014449291166848419
br,2.7262813522355506e-05
pap,0.0006815703380588877
bhu,5.452562704471101e-05
eng,0.0007360959651035987
chl,0.0003544165757906216
oje,8.178844056706652e-05
cau,0.0006543075245365322
rot,0.0003544165757906216
ung,0.00010905125408942203
reb,0.0004362050163576881
are,0.0004907306434023992
vir,0.0007633587786259542
alt,0.0010905125408942203
raz,0.0006815703380588877
mim,0.0002453653217011996
far,0.0005179934569247547
tao,8.178844056706652e-05
gam,0.0003271537622682661
dea,0.0004089422028353326
ngu,0.00016357688113413304
osc,0.0004089422028353326
hue,0.0005725190839694657
emu,8.178844056706652e-05
bai,0.0009269356597600872
det,0.0011177753544165758
suc,0.0004362050163576881
smo,0.00010905125408942203
mil,0.0010905125408942203
cct,2.7262813522355506e-05
gli,0.0003271537622682661
boo,8.178844056706652e-05
rde,8.178844056706652e-05
gat,0.0002998909487459106
pau,0.0006270447110141767
dra,0.0004362050163576881
hid,0.0010087241003271538
sur,0.0005997818974918212
ope,0.0009269356597600872
gab,0.00021810250817884405
civ,0.00019083969465648855
inm,0.0009541984732824427
yom,2.7262813522355506e-05
ton,0.0007088331515812432
sea,0.0004089422028353326
aba,0.0006543075245365322
bsc,5.452562704471101e-05
crn,0.00013631406761177754
not,0.0008451472191930207
ina,0.0006543075245365322
ire,0.00010905125408942203
bam,0.00019083969465648855
eve,0.00013631406761177754
seb,8.178844056706652e-05
cba,2.7262813522355506e-05
rab,0.0003816793893129771
alc,0.0009541984732824427
rop,0.0002453653217011996
bur,0.0010359869138495093
zom,2.7262813522355506e-05
rad,0.0012540894220283534
chr,0.0005452562704471102
cox,8.178844056706652e-05
aos,0.0005725190839694657
mut,0.0002998909487459106
cin,0.0008724100327153762
dmi,0.00010905125408942203
cov,2.7262813522355506e-05
jas,0.00010905125408942203
mer,0.0012813522355507089
tip,0.0002453653217011996
lol,8.178844056706652e-05
cli,0.0007633587786259542
noa,0.0004907306434023992
etn,0.00010905125408942203
ref,0.001663031624863686
mah,0.0004089422028353326
cig,0.0002453653217011996
kel,8.178844056706652e-05
rev,0.0011723009814612868
ern,0.0004634678298800436
edm,0.0004089422028353326
upu,0.00010905125408942203
bul,0.0004634678298800436
viv,0.0007088331515812432
luc,0.0008451472191930207
ekm,2.7262813522355506e-05
vis,0.0007360959651035987
lie,0.00013631406761177754
mei,0.00013631406761177754
ray,0.0003544165757906216
ort,0.0005997818974918212
muc,0.0004362050163576881
bel,0.0006270447110141767
fin,0.0007360959651035987
cid,0.0004362050163576881
nim,0.00013631406761177754
sen,0.0012813522355507089
lus,0.00010905125408942203
ott,0.0003271537622682661
aco,0.0011177753544165758
llu,8.178844056706652e-05
abs,0.0007088331515812432
rie,0.00010905125408942203
mqu,0.0002726281352235551
rus,0.00016357688113413304
nad,0.0003271537622682661
iri,0.00016357688113413304
pum,0.00010905125408942203
eni,5.452562704471101e-05
ris,0.00021810250817884405
mad,0.0005725190839694657
ixo,0.00010905125408942203
sop,0.0006543075245365322
blu,8.178844056706652e-05
nip,2.7262813522355506e-05
tap,0.0007360959651035987
ing,0.0007906215921483097
lac,0.0007088331515812432
eli,0.0008451472191930207
irv,0.00010905125408942203
isl,0.0005725190839694657
oph,0.00021810250817884405
dul,0.0002453653217011996
tup,0.00010905125408942203
neo,0.0007088331515812432
ner,0.0003816793893129771
boc,0.0002998909487459106
yeo,2.7262813522355506e-05
gua,0.0014176663031624864
leo,0.0006270447110141767
coc,0.0013358778625954199
mol,0.0008451472191930207
sed,0.0004362050163576881
fal,0.0012268266085059978
erm,2.7262813522355506e-05
goc,5.452562704471101e-05
ayu,0.00019083969465648855
ont,2.7262813522355506e-05
sei,0.00013631406761177754
nme,0.0004634678298800436
pec,0.0004907306434023992
cae,0.0004089422028353326
luv,0.00010905125408942203
gef,2.7262813522355506e-05
dan,0.0005452562704471102
pez,0.0004907306434023992
att,5.452562704471101e-05
sli,0.00010905125408942203
adv,0.00016357688113413304
ben,0.0012813522355507089
cou,0.00010905125408942203
dat,0.00019083969465648855
dac,0.0004089422028353326
opo,0.0002998909487459106
pic,0.0010359869138495093
log,0.0003271537622682661
toq,0.00019083969465648855
dam,0.0003544165757906216
zoo,0.00013631406761177754
het,0.0003544165757906216
daa,8.178844056706652e-05
tta,2.7262813522355506e-05
odo,0.0002726281352235551
voy,0.00010905125408942203
blo,0.0004362050163576881
aul,0.00016357688113413304
jac,0.0008451472191930207
siu,2.7262813522355506e-05
fis,0.0004089422028353326
baa,0.00013631406761177754
bec,0.00010905125408942203
abe,0.0005452562704471102
roj,0.00010905125408942203
cis,0.00021810250817884405
imi,0.0002453653217011996
ano,0.0007088331515812432
boh,8.178844056706652e-05
bri,0.0007088331515812432
ere,8.178844056706652e-05
zin,5.452562704471101e-05
muo,2.7262813522355506e-05
joc,5.452562704471101e-05
elb,5.452562704471101e-05
asp,0.0004907306434023992
ttu,0.00019083969465648855
osi,0.00016357688113413304
coe,0.00021810250817884405
rho,0.00010905125408942203
juz,8.178844056706652e-05
urr,5.452562704471101e-05
hoj,0.0006815703380588877
adi,0.0004089422028353326
kal,0.00021810250817884405
rid,0.00016357688113413304
les,0.00021810250817884405
amp,0.0007088331515812432
mir,0.0006815703380588877
lav,0.0004089422028353326
mao,0.00019083969465648855
rit,0.00019083969465648855
pop,0.00019083969465648855
ayn,5.452562704471101e-05
eth,0.00013631406761177754
mae,0.0002453653217011996
som,0.0005997818974918212
apl,0.0006543075245365322
caf,0.0002726281352235551
age,0.0008178844056706652
kru,5.452562704471101e-05
cun,0.0002726281352235551
exg,5.452562704471101e-05
exp,0.001935659760087241
apn,8.178844056706652e-05
prp,8.178844056706652e-05
coo,0.0003271537622682661
bin,0.00010905125408942203
tax,0.0003271537622682661
alu,0.0003816793893129771
jur,0.0003544165757906216
fan,0.0004362050163576881
jim,0.0003271537622682661
ova,0.00016357688113413304
osa,0.00013631406761177754
cus,0.00010905125408942203
prs,0.00010905125408942203
ava,0.0003544165757906216
mam,0.0005452562704471102
lip,0.0004089422028353326
reg,0.001772082878953108
ghe,2.7262813522355506e-05
nid,0.00013631406761177754
vde,2.7262813522355506e-05
igu,0.0002998909487459106
ear,5.452562704471101e-05
hia,5.452562704471101e-05
azi,8.178844056706652e-05
lsd,2.7262813522355506e-05
ile,0.0002453653217011996
tul,0.0002453653217011996
lev,0.0004089422028353326
usa,0.00010905125408942203
sai,0.0002998909487459106
imm,0.00013631406761177754
tos,0.0002998909487459106
ete,0.00016357688113413304
dei,0.0003816793893129771
lti,8.178844056706652e-05
tum,0.0002726281352235551
mea,0.00016357688113413304
jut,2.7262813522355506e-05
maf,2.7262813522355506e-05
key,5.452562704471101e-05
yet,2.7262813522355506e-05
non,0.00016357688113413304
thu,0.00013631406761177754
tou,5.452562704471101e-05
tod,0.0002726281352235551
rgi,0.00013631406761177754
aza,0.00016357688113413304
mem,0.0007360959651035987
cup,0.00016357688113413304
kar,0.0004907306434023992
ssv,5.452562704471101e-05
psi,0.0008451472191930207
afi,0.0005725190839694657
vul,0.0004907306434023992
aug,0.00016357688113413304
haz,0.00010905125408942203
dpt,5.452562704471101e-05
bsq,5.452562704471101e-05
def,0.0014176663031624864
uvu,5.452562704471101e-05
peg,0.00016357688113413304
mst,0.0002453653217011996
hoh,2.7262813522355506e-05
sul,0.0004089422028353326
ree,0.0004634678298800436
enn,8.178844056706652e-05
pyr,0.00019083969465648855
ego,8.178844056706652e-05
abi,0.0002453653217011996
tob,0.00019083969465648855
cep,0.00019083969465648855
tus,5.452562704471101e-05
usm,2.7262813522355506e-05
anf,0.00019083969465648855
swa,2.7262813522355506e-05
gau,5.452562704471101e-05
hos,0.0004634678298800436
qum,0.00013631406761177754
ird,0.00016357688113413304
teo,0.0004089422028353326
fet,0.00019083969465648855
cya,0.00016357688113413304
vil,0.0002998909487459106
rbo,0.00016357688113413304
how,0.00019083969465648855
muj,0.00019083969465648855
ken,0.00021810250817884405
koi,2.7262813522355506e-05
anh,0.00021810250817884405
ilu,0.0002453653217011996
pir,0.0006270447110141767
ona,5.452562704471101e-05
ome,8.178844056706652e-05
lea,5.452562704471101e-05
juv,0.00010905125408942203
mie,0.0004089422028353326
pls,8.178844056706652e-05
pom,0.0003271537622682661
wha,5.452562704471101e-05
nen,8.178844056706652e-05
clc,0.00013631406761177754
dib,0.0002453653217011996
mdu,0.00010905125408942203
ram,0.0002998909487459106
fen,0.0005179934569247547
dor,0.0004362050163576881
ura,0.00016357688113413304
hys,8.178844056706652e-05
lad,0.0005452562704471102
edn,0.00013631406761177754
ouz,5.452562704471101e-05
gue,0.0002998909487459106
obl,0.0005179934569247547
isa,0.0003816793893129771
rig,0.00019083969465648855
bud,0.0002453653217011996
sac,0.0010905125408942203
pli,0.0002453653217011996
unu,0.00010905125408942203
dio,0.0004362050163576881
cac,0.0007633587786259542
was,0.00021810250817884405
fib,0.0004634678298800436
cec,0.00021810250817884405
ela,0.0005725190839694657
sou,0.0002453653217011996
day,0.00010905125408942203
ped,0.0009269356597600872
buc,0.0004362050163576881
or,2.7262813522355506e-05
iny,0.00013631406761177754
gul,0.00016357688113413304
aur,0.00016357688113413304
thy,0.0002998909487459106
hun,0.00010905125408942203
arq,0.0004362050163576881
odi,0.00013631406761177754
ojo,0.00010905125408942203
fir,0.00021810250817884405
pam,8.178844056706652e-05
deo,5.452562704471101e-05
zar,0.0002726281352235551
lar,0.0005725190839694657
cle,0.0004089422028353326
rat,0.0004907306434023992
lod,0.00010905125408942203
viz,0.00010905125408942203
uro,0.0005179934569247547
hoz,2.7262813522355506e-05
aci,0.0004362050163576881
ebu,2.7262813522355506e-05
ane,0.0005179934569247547
roc,0.0004634678298800436
nar,0.0006815703380588877
efl,2.7262813522355506e-05
tet,0.0005997818974918212
pay,0.00010905125408942203
fuc,0.00013631406761177754
ars,0.00013631406761177754
lij,5.452562704471101e-05
aly,2.7262813522355506e-05
pgi,0.00016357688113413304
sce,8.178844056706652e-05
apt,0.00016357688113413304
enk,2.7262813522355506e-05
jar,0.0004362050163576881
trn,5.452562704471101e-05
sag,0.0002998909487459106
exe,0.00016357688113413304
bes,0.0003544165757906216
mio,0.0002998909487459106
vai,0.00013631406761177754
pag,0.0003816793893129771
phn,2.7262813522355506e-05
wes,0.00021810250817884405
fes,0.00021810250817884405
rud,0.0003271537622682661
elo,0.0002453653217011996
ski,0.00010905125408942203
buz,0.00010905125408942203
mur,0.0003544165757906216
ost,0.0005725190839694657
ora,0.0002726281352235551
fag,0.00016357688113413304
duc,0.00019083969465648855
nie,0.0002998909487459106
nas,0.0002453653217011996
dee,0.00016357688113413304
big,0.0002726281352235551
saf,8.178844056706652e-05
bib,0.0004089422028353326
rup,0.00019083969465648855
mit,0.0004634678298800436
afr,0.00016357688113413304
fog,8.178844056706652e-05
sev,0.00010905125408942203
ara,0.0007360959651035987
eto,0.00010905125408942203
mik,0.0002453653217011996
lap,0.0003816793893129771
inq,0.0002453653217011996
haw,5.452562704471101e-05
fic,0.0002453653217011996
eny,0.00010905125408942203
aod,2.7262813522355506e-05
pyl,2.7262813522355506e-05
lne,0.0003816793893129771
bet,0.0004089422028353326
boy,0.00016357688113413304
ist,0.00010905125408942203
sie,0.0006543075245365322
obu,2.7262813522355506e-05
esg,0.00013631406761177754
mck,2.7262813522355506e-05
ame,0.0007360959651035987
mya,0.00010905125408942203
cib,0.00016357688113413304
ato,0.0005179934569247547
fec,0.00013631406761177754
mix,0.00016357688113413304
vot,0.00010905125408942203
fur,0.0004362050163576881
lon,0.0004634678298800436
ave,0.0010632497273718648
pa,5.452562704471101e-05
gir,0.0002453653217011996
sca,0.0003271537622682661
fer,0.0007906215921483097
zor,2.7262813522355506e-05
myc,0.00016357688113413304
agl,0.00016357688113413304
sia,0.00021810250817884405
itl,5.452562704471101e-05
dwi,0.00016357688113413304
csc,0.00010905125408942203
dob,0.0004634678298800436
diz,8.178844056706652e-05
ral,0.0002453653217011996
roh,5.452562704471101e-05
mez,0.0002998909487459106
bae,2.7262813522355506e-05
bui,2.7262813522355506e-05
sug,0.00016357688113413304
yua,2.7262813522355506e-05
agn,0.00016357688113413304
lak,8.178844056706652e-05
gry,2.7262813522355506e-05
ips,2.7262813522355506e-05
din,0.0007360959651035987
sto,0.0002453653217011996
pho,0.0003816793893129771
egm,2.7262813522355506e-05
mec,0.0004362050163576881
lyn,8.178844056706652e-05
vet,0.00016357688113413304
zeo,5.452562704471101e-05
pxe,2.7262813522355506e-05
jun,0.0006543075245365322
ley,0.0003544165757906216
oba,8.178844056706652e-05
piz,0.0002726281352235551
kur,0.00013631406761177754
ocu,0.0004362050163576881
fas,0.0003271537622682661
dun,0.00010905125408942203
oro,0.00021810250817884405
bli,0.00013631406761177754
wic,0.00010905125408942203
ect,0.0002453653217011996
lpi,8.178844056706652e-05
jab,0.00021810250817884405
nav,0.0002726281352235551
ran,0.0004634678298800436
pep,0.00021810250817884405
tmu,2.7262813522355506e-05
fum,0.00016357688113413304
mcg,8.178844056706652e-05
stu,0.00019083969465648855
joy,0.00010905125408942203
set,0.00013631406761177754
afe,0.0004634678298800436
cef,0.0003271537622682661
bun,0.00013631406761177754
exa,0.0006543075245365322
bab,0.0002453653217011996
pio,0.00021810250817884405
sco,0.0003816793893129771
fle,0.0004907306434023992
aso,0.0004089422028353326
dri,0.00013631406761177754
cav,0.0003271537622682661
edd,8.178844056706652e-05
noi,0.0002726281352235551
jue,0.0005725190839694657
zum,0.0003544165757906216
tim,0.0005452562704471102
trm,0.00013631406761177754
boi,0.00010905125408942203
ron,0.0003816793893129771
son,0.0005997818974918212
cop,0.0007906215921483097
as,2.7262813522355506e-05
put,0.00019083969465648855
pbl,2.7262813522355506e-05
tib,0.00013631406761177754
cyg,2.7262813522355506e-05
leu,0.00021810250817884405
tsu,8.178844056706652e-05
mun,0.0004089422028353326
tag,2.7262813522355506e-05
lab,0.0005997818974918212
oft,0.00010905125408942203
mof,0.00010905125408942203
exu,0.00010905125408942203
glb,2.7262813522355506e-05
6de,2.7262813522355506e-05
glu,0.0002998909487459106
ror,0.00010905125408942203
tox,0.0003271537622682661
adu,0.0002726281352235551
fol,0.0002998909487459106
nei,5.452562704471101e-05
cob,0.0003816793893129771
uri,2.7262813522355506e-05
oma,0.00010905125408942203
fid,0.00010905125408942203
ene,0.0005725190839694657
woo,0.0003271537622682661
pac,0.0004362050163576881
hep,0.00021810250817884405
nec,0.0002998909487459106
foe,2.7262813522355506e-05
jay,8.178844056706652e-05
sud,0.0004089422028353326
fed,0.00019083969465648855
err,0.0004907306434023992
zam,0.00013631406761177754
suf,0.00021810250817884405
ple,0.0009814612868047983
cog,0.0003271537622682661
wan,5.452562704471101e-05
adh,0.00021810250817884405
cnc,0.00021810250817884405
jui,5.452562704471101e-05
s,5.452562704471101e-05
fos,0.0004089422028353326
whi,0.0006270447110141767
els,0.00013631406761177754
aps,8.178844056706652e-05
ech,0.0008996728462377317
squ,0.00016357688113413304
cag,8.178844056706652e-05
osw,8.178844056706652e-05
arn,0.00016357688113413304
alz,0.00010905125408942203
caj,0.0005997818974918212
git,2.7262813522355506e-05
ctr,5.452562704471101e-05
gha,5.452562704471101e-05
noq,8.178844056706652e-05
pse,0.0002998909487459106
obr,0.0003271537622682661
max,0.0003544165757906216
cnt,8.178844056706652e-05
rpi,5.452562704471101e-05
baj,0.0005179934569247547
dao,8.178844056706652e-05
ald,0.00016357688113413304
sep,0.0005725190839694657
ciu,0.0002998909487459106
mej,0.00016357688113413304
ely,5.452562704471101e-05
kan,0.00013631406761177754
elm,0.00019083969465648855
tru,0.0002726281352235551
gil,0.00021810250817884405
vhf,2.7262813522355506e-05
pij,2.7262813522355506e-05
phi,0.0003816793893129771
myr,0.0003271537622682661
imn,2.7262813522355506e-05
guy,0.00013631406761177754
lmi,0.00010905125408942203
vid,0.0002998909487459106
aya,0.00010905125408942203
gad,0.00013631406761177754
iso,0.0005452562704471102
goz,8.178844056706652e-05
hop,0.00013631406761177754
new,0.0003816793893129771
wri,2.7262813522355506e-05
lof,5.452562704471101e-05
jel,2.7262813522355506e-05
hae,0.00019083969465648855
nyx,2.7262813522355506e-05
jef,0.0005452562704471102
vio,0.0003544165757906216
til,0.00013631406761177754
oed,2.7262813522355506e-05
nue,0.0007360959651035987
ole,0.00013631406761177754
cnu,2.7262813522355506e-05
sip,0.00010905125408942203
ejr,0.00013631406761177754
vic,0.0005725190839694657
wol,0.00019083969465648855
vsc,5.452562704471101e-05
mug,0.00010905125408942203
dub,0.00010905125408942203
zig,5.452562704471101e-05
yeg,2.7262813522355506e-05
hoc,8.178844056706652e-05
uli,5.452562704471101e-05
qua,0.00021810250817884405
nib,8.178844056706652e-05
al,5.452562704471101e-05
cnd,0.00013631406761177754
cyn,0.00021810250817884405
va,2.7262813522355506e-05
ted,0.00016357688113413304
cif,0.00013631406761177754
alj,5.452562704471101e-05
efi,0.00010905125408942203
erw,8.178844056706652e-05
ich,0.00010905125408942203
grf,5.452562704471101e-05
ico,0.00013631406761177754
ema,0.00016357688113413304
gyp,2.7262813522355506e-05
exi,0.0003544165757906216
yod,0.00016357688113413304
seo,0.00021810250817884405
jov,8.178844056706652e-05
top,0.0005725190839694657
bdm,2.7262813522355506e-05
taq,8.178844056706652e-05
aux,0.00016357688113413304
yve,2.7262813522355506e-05
ove,0.00010905125408942203
sti,0.0002726281352235551
nit,0.0003544165757906216
alr,0.00010905125408942203
asn,0.00013631406761177754
dim,0.0002453653217011996
nem,0.00021810250817884405
nga,2.7262813522355506e-05
lom,0.00021810250817884405
nap,0.00016357688113413304
bub,2.7262813522355506e-05
jon,0.00013631406761177754
pmu,2.7262813522355506e-05
iza,5.452562704471101e-05
aon,2.7262813522355506e-05
dux,2.7262813522355506e-05
jbi,2.7262813522355506e-05
evi,0.00019083969465648855
abj,5.452562704471101e-05
fus,0.0004089422028353326
jaq,5.452562704471101e-05
liv,0.00010905125408942203
oec,5.452562704471101e-05
rim,0.00013631406761177754
pot,0.0006815703380588877
co,2.7262813522355506e-05
esf,0.0002726281352235551
apu,0.00021810250817884405
tpi,2.7262813522355506e-05
orn,0.0003271537622682661
naz,8.178844056706652e-05
bls,8.178844056706652e-05
pim,0.0002998909487459106
dig,0.0004362050163576881
net,5.452562704471101e-05
tia,0.00010905125408942203
tae,2.7262813522355506e-05
lia,0.00019083969465648855
ago,0.00021810250817884405
mto,0.00010905125408942203
raf,0.00016357688113413304
fci,5.452562704471101e-05
tub,0.0005997818974918212
rae,5.452562704471101e-05
hyl,0.00016357688113413304
ovo,5.452562704471101e-05
bou,0.00019083969465648855
aho,0.0002453653217011996
abd,0.0002726281352235551
tai,2.7262813522355506e-05
lai,0.00013631406761177754
vom,8.178844056706652e-05
baz,2.7262813522355506e-05
hot,0.00013631406761177754
tic,5.452562704471101e-05
lag,0.0006270447110141767
nel,0.00013631406761177754
maq,0.00016357688113413304
vam,8.178844056706652e-05
sak,2.7262813522355506e-05
mak,5.452562704471101e-05
gyr,5.452562704471101e-05
diq,8.178844056706652e-05
vrt,5.452562704471101e-05
sau,0.0002998909487459106
sun,0.0002453653217011996
ure,0.00021810250817884405
tah,8.178844056706652e-05
eig,2.7262813522355506e-05
hyr,2.7262813522355506e-05
ian,8.178844056706652e-05
wie,2.7262813522355506e-05
bir,0.00013631406761177754
clu,0.0005997818974918212
onf,2.7262813522355506e-05
sir,0.0004634678298800436
dev,0.0005452562704471102
elt,2.7262813522355506e-05
occ,0.00016357688113413304
dew,8.178844056706652e-05
cls,5.452562704471101e-05
pob,0.00013631406761177754
dup,0.00010905125408942203
tiz,0.00016357688113413304
nik,0.00016357688113413304
bha,2.7262813522355506e-05
ecf,2.7262813522355506e-05
eta,0.00019083969465648855
zur,0.00013631406761177754
bic,0.00021810250817884405
hec,0.0003816793893129771
peb,5.452562704471101e-05
muy,0.00019083969465648855
rou,8.178844056706652e-05
crt,0.0004362050163576881
igo,0.00010905125408942203
aqu,0.0003544165757906216
nop,0.00016357688113413304
rrh,2.7262813522355506e-05
kol,8.178844056706652e-05
uso,5.452562704471101e-05
the,0.0004907306434023992
lem,0.0002453653217011996
frg,2.7262813522355506e-05
soy,2.7262813522355506e-05
sod,8.178844056706652e-05
mog,2.7262813522355506e-05
kir,2.7262813522355506e-05
ady,2.7262813522355506e-05
epo,2.7262813522355506e-05
ro,2.7262813522355506e-05
jup,0.00016357688113413304
cym,8.178844056706652e-05
kun,2.7262813522355506e-05
pja,8.178844056706652e-05
sof,0.0003816793893129771
dlf,2.7262813522355506e-05
neb,8.178844056706652e-05
rin,0.0004362050163576881
uad,5.452562704471101e-05
eum,0.00010905125408942203
hym,8.178844056706652e-05
rez,8.178844056706652e-05
bad,2.7262813522355506e-05
arb,0.0003544165757906216
gek,2.7262813522355506e-05
tci,2.7262813522355506e-05
ptb,5.452562704471101e-05
ket,0.00013631406761177754
alq,0.0003271537622682661
vaq,8.178844056706652e-05
trf,5.452562704471101e-05
oso,0.0002998909487459106
sua,0.00013631406761177754
uka,2.7262813522355506e-05
tis,5.452562704471101e-05
gub,8.178844056706652e-05
cdi,0.0002453653217011996
deu,0.0002726281352235551
lef,2.7262813522355506e-05
ero,0.00019083969465648855
ayt,5.452562704471101e-05
dey,5.452562704471101e-05
dr,2.7262813522355506e-05
edo,2.7262813522355506e-05
gim,0.00013631406761177754
loa,0.00013631406761177754
lox,8.178844056706652e-05
fel,0.0004089422028353326
yar,5.452562704471101e-05
tau,0.00021810250817884405
yah,8.178844056706652e-05
cei,5.452562704471101e-05
rha,5.452562704471101e-05
dyb,2.7262813522355506e-05
iva,0.00013631406761177754
scl,0.00010905125408942203
roz,8.178844056706652e-05
sit,0.0002453653217011996
ada,0.0002726281352235551
get,2.7262813522355506e-05
gut,8.178844056706652e-05
ess,2.7262813522355506e-05
cia,0.0002453653217011996
das,0.0003816793893129771
fro,0.0002453653217011996
rhu,5.452562704471101e-05
eos,0.00013631406761177754
jus,0.0003271537622682661
kiz,2.7262813522355506e-05
gro,0.0004089422028353326
goe,5.452562704471101e-05
sov,5.452562704471101e-05
hes,8.178844056706652e-05
anu,0.0004634678298800436
bbs,2.7262813522355506e-05
zwo,2.7262813522355506e-05
ask,2.7262813522355506e-05
ese,8.178844056706652e-05
zal,5.452562704471101e-05
bcu,5.452562704471101e-05
dyt,2.7262813522355506e-05
mou,0.00013631406761177754
elg,2.7262813522355506e-05
aor,0.00010905125408942203
nia,5.452562704471101e-05
cma,0.00021810250817884405
enh,8.178844056706652e-05
opc,8.178844056706652e-05
thc,2.7262813522355506e-05
aga,0.0006815703380588877
mob,0.00013631406761177754
ptr,2.7262813522355506e-05
bog,8.178844056706652e-05
mys,8.178844056706652e-05
mgi,2.7262813522355506e-05
vea,2.7262813522355506e-05
bed,8.178844056706652e-05
lew,0.00010905125408942203
prn,0.00016357688113413304
cut,0.00013631406761177754
jnu,5.452562704471101e-05
acl,0.00021810250817884405
faj,0.00010905125408942203
yuk,2.7262813522355506e-05
f,8.178844056706652e-05
nih,0.00010905125408942203
lgi,0.00019083969465648855
dla,8.178844056706652e-05
elu,0.00010905125408942203
siv,5.452562704471101e-05
trp,2.7262813522355506e-05
zay,2.7262813522355506e-05
frc,2.7262813522355506e-05
rhy,2.7262813522355506e-05
war,0.00019083969465648855
amn,0.00016357688113413304
ari,0.0005997818974918212
taz,5.452562704471101e-05
era,0.00021810250817884405
haj,5.452562704471101e-05
ecu,0.0002453653217011996
jai,5.452562704471101e-05
gel,0.00016357688113413304
bof,2.7262813522355506e-05
ocl,8.178844056706652e-05
ion,0.00016357688113413304
crv,2.7262813522355506e-05
eut,0.00013631406761177754
bef,5.452562704471101e-05
acc,0.0005452562704471102
emo,0.00019083969465648855
ore,0.0002453653217011996
ziz,5.452562704471101e-05
cof,0.00013631406761177754
nif,5.452562704471101e-05
lug,0.00013631406761177754
utt,2.7262813522355506e-05
alp,0.00021810250817884405
lgr,2.7262813522355506e-05
pnc,2.7262813522355506e-05
nun,0.00010905125408942203
agi,0.00019083969465648855
luo,2.7262813522355506e-05
smu,5.452562704471101e-05
inn,0.00021810250817884405
pai,0.00019083969465648855
ska,5.452562704471101e-05
axn,5.452562704471101e-05
lub,0.00013631406761177754
yas,5.452562704471101e-05
enp,0.00013631406761177754
knt,2.7262813522355506e-05
nic,0.0002726281352235551
xit,8.178844056706652e-05
pov,8.178844056706652e-05
peo,8.178844056706652e-05
fau,8.178844056706652e-05
sph,0.0003271537622682661
luz,0.00016357688113413304
bod,0.0002453653217011996
roy,0.00021810250817884405
aft,2.7262813522355506e-05
tte,8.178844056706652e-05
hyp,0.0002998909487459106
tlb,2.7262813522355506e-05
asf,0.00013631406761177754
sut,0.00013631406761177754
sex,0.0004362050163576881
utp,2.7262813522355506e-05
nal,0.00019083969465648855
tej,0.0002453653217011996
mud,0.00016357688113413304
azo,0.00021810250817884405
spr,0.00010905125408942203
ell,0.00010905125408942203
zea,5.452562704471101e-05
uva,5.452562704471101e-05
cne,8.178844056706652e-05
gkc,2.7262813522355506e-05
hnu,2.7262813522355506e-05
saq,0.00010905125408942203
lun,0.00021810250817884405
tei,0.00010905125408942203
tam,0.0006815703380588877
yih,2.7262813522355506e-05
may,0.0002998909487459106
sic,0.00019083969465648855
peq,0.00016357688113413304
lex,5.452562704471101e-05
wor,0.00013631406761177754
anm,2.7262813522355506e-05
wel,8.178844056706652e-05
dal,0.00016357688113413304
inj,0.00010905125408942203
add,5.452562704471101e-05
let,0.0002998909487459106
seq,2.7262813522355506e-05
pso,8.178844056706652e-05
jub,8.178844056706652e-05
pig,8.178844056706652e-05
goo,8.178844056706652e-05
xan,0.0002453653217011996
exo,0.00016357688113413304
map,0.00021810250817884405
opu,8.178844056706652e-05
cuo,5.452562704471101e-05
ehr,2.7262813522355506e-05
gid,2.7262813522355506e-05
rhe,0.00010905125408942203
erg,0.0002453653217011996
nio,0.00019083969465648855
zui,2.7262813522355506e-05
gou,5.452562704471101e-05
eda,0.00013631406761177754
jof,2.7262813522355506e-05
nui,2.7262813522355506e-05
uti,0.0002453653217011996
tec,0.0004362050163576881
laz,0.00010905125408942203
hok,2.7262813522355506e-05
laj,2.7262813522355506e-05
aep,0.00013631406761177754
ola,8.178844056706652e-05
abl,0.00016357688113413304
unc,2.7262813522355506e-05
ira,0.00019083969465648855
mga,2.7262813522355506e-05
oca,0.0002453653217011996
pog,8.178844056706652e-05
ryn,8.178844056706652e-05
jin,0.00013631406761177754
tha,0.00010905125408942203
crc,0.00013631406761177754
sba,0.00010905125408942203
ohm,2.7262813522355506e-05
hib,0.00010905125408942203
vaj,8.178844056706652e-05
crd,0.00016357688113413304
tna,2.7262813522355506e-05
zen,8.178844056706652e-05
tcn,0.00016357688113413304
esb,8.178844056706652e-05
soj,5.452562704471101e-05
ery,8.178844056706652e-05
joe,0.00013631406761177754
mxi,5.452562704471101e-05
ble,0.00016357688113413304
isr,5.452562704471101e-05
beb,0.0002453653217011996
y,2.7262813522355506e-05
air,0.00010905125408942203
urt,5.452562704471101e-05
moc,0.00016357688113413304
lum,0.00016357688113413304
pug,0.00016357688113413304
pte,0.0003816793893129771
tot,0.00019083969465648855
ili,5.452562704471101e-05
gop,2.7262813522355506e-05
bev,8.178844056706652e-05
nan,0.0002998909487459106
him,0.00013631406761177754
aad,8.178844056706652e-05
spo,5.452562704471101e-05
pur,0.0005179934569247547
sty,8.178844056706652e-05
sne,2.7262813522355506e-05
imb,0.00013631406761177754
pei,0.00013631406761177754
zab,2.7262813522355506e-05
pto,5.452562704471101e-05
coa,0.0002998909487459106
kea,2.7262813522355506e-05
zeu,2.7262813522355506e-05
cry,0.00021810250817884405
cet,0.00013631406761177754
eic,2.7262813522355506e-05
teb,5.452562704471101e-05
afo,8.178844056706652e-05
she,0.00019083969465648855
trg,2.7262813522355506e-05
jeh,2.7262813522355506e-05
zwe,2.7262813522355506e-05
dow,0.00010905125408942203
leb,8.178844056706652e-05
atn,2.7262813522355506e-05
olv,0.00013631406761177754
kil,0.0002453653217011996
yur,5.452562704471101e-05
hbi,5.452562704471101e-05
obe,0.00016357688113413304
idn,8.178844056706652e-05
bve,0.00010905125408942203
v,2.7262813522355506e-05
oen,5.452562704471101e-05
won,2.7262813522355506e-05
ais,0.0002726281352235551
oxa,0.00016357688113413304
moy,2.7262813522355506e-05
tig,8.178844056706652e-05
vec,8.178844056706652e-05
aes,0.00013631406761177754
eld,5.452562704471101e-05
yor,8.178844056706652e-05
tun,0.00010905125408942203
ghb,2.7262813522355506e-05
kmm,2.7262813522355506e-05
sif,5.452562704471101e-05
bag,5.452562704471101e-05
liz,5.452562704471101e-05
cyc,0.00010905125408942203
mum,2.7262813522355506e-05
eru,0.00010905125408942203
iwo,2.7262813522355506e-05
luf,8.178844056706652e-05
poo,5.452562704471101e-05
kut,5.452562704471101e-05
gom,0.0004089422028353326
nes,5.452562704471101e-05
nut,0.0002726281352235551
vnu,2.7262813522355506e-05
teq,2.7262813522355506e-05
nig,8.178844056706652e-05
boa,8.178844056706652e-05
hba,2.7262813522355506e-05
lil,0.0003271537622682661
hoy,0.00010905125408942203
doc,0.0007633587786259542
xer,0.00019083969465648855
hus,0.00019083969465648855
lym,2.7262813522355506e-05
gai,0.00010905125408942203
dip,0.0006543075245365322
duv,2.7262813522355506e-05
yan,5.452562704471101e-05
jul,0.00016357688113413304
tyc,2.7262813522355506e-05
pty,5.452562704471101e-05
hir,0.0002453653217011996
ign,0.00013631406761177754
ono,5.452562704471101e-05
exl,2.7262813522355506e-05
bos,0.0004907306434023992
ati,8.178844056706652e-05
i,2.7262813522355506e-05
smb,0.00010905125408942203
lej,0.00010905125408942203
pht,8.178844056706652e-05
alv,0.00013631406761177754
jod,5.452562704471101e-05
rao,2.7262813522355506e-05
syn,0.00019083969465648855
rul,5.452562704471101e-05
scr,0.00016357688113413304
nox,2.7262813522355506e-05
aju,0.00013631406761177754
dua,5.452562704471101e-05
rey,0.0002453653217011996
rex,2.7262813522355506e-05
kwa,5.452562704471101e-05
eds,5.452562704471101e-05
emm,8.178844056706652e-05
ecb,2.7262813522355506e-05
ced,0.00016357688113413304
prl,2.7262813522355506e-05
pnz,2.7262813522355506e-05
lek,2.7262813522355506e-05
ulc,5.452562704471101e-05
dog,8.178844056706652e-05
gof,2.7262813522355506e-05
roo,5.452562704471101e-05
prg,2.7262813522355506e-05
inh,0.0002726281352235551
eug,0.00021810250817884405
tct,5.452562704471101e-05
vor,2.7262813522355506e-05
veg,0.00016357688113413304
oci,0.00010905125408942203
fe,2.7262813522355506e-05
num,0.0003544165757906216
kon,0.00013631406761177754
boz,2.7262813522355506e-05
mna,5.452562704471101e-05
meb,8.178844056706652e-05
ide,0.0004634678298800436
cv,2.7262813522355506e-05
std,2.7262813522355506e-05
hau,8.178844056706652e-05
gay,5.452562704471101e-05
syz,2.7262813522355506e-05
jbr,2.7262813522355506e-05
smi,0.00013631406761177754
phe,5.452562704471101e-05
atl,0.00010905125408942203
ahi,5.452562704471101e-05
roe,0.00013631406761177754
irl,5.452562704471101e-05
prm,2.7262813522355506e-05
hyg,0.00010905125408942203
aro,0.00013631406761177754
eol,2.7262813522355506e-05
emr,2.7262813522355506e-05
wit,2.7262813522355506e-05
yey,5.452562704471101e-05
1de,5.452562704471101e-05
nti,2.7262813522355506e-05
yam,8.178844056706652e-05
elq,5.452562704471101e-05
kib,5.452562704471101e-05
eca,2.7262813522355506e-05
uss,2.7262813522355506e-05
jak,5.452562704471101e-05
bfs,2.7262813522355506e-05
acn,5.452562704471101e-05
pou,2.7262813522355506e-05
ute,5.452562704471101e-05
srd,5.452562704471101e-05
lae,5.452562704471101e-05
hua,5.452562704471101e-05
riu,2.7262813522355506e-05
afa,0.00019083969465648855
ebw,2.7262813522355506e-05
afl,0.0002453653217011996
heg,5.452562704471101e-05
efm,2.7262813522355506e-05
edv,5.452562704471101e-05
deh,8.178844056706652e-05
fij,0.00010905125408942203
cyo,2.7262813522355506e-05
dca,2.7262813522355506e-05
zpe,2.7262813522355506e-05
coi,0.00016357688113413304
kok,5.452562704471101e-05
gur,0.00013631406761177754
say,8.178844056706652e-05
feu,2.7262813522355506e-05
tja,2.7262813522355506e-05
dod,5.452562704471101e-05
fim,2.7262813522355506e-05
ovi,8.178844056706652e-05
elw,2.7262813522355506e-05
gov,2.7262813522355506e-05
qut,2.7262813522355506e-05
twy,2.7262813522355506e-05
cyy,2.7262813522355506e-05
jds,2.7262813522355506e-05
csm,2.7262813522355506e-05
kit,5.452562704471101e-05
jol,5.452562704471101e-05
zie,2.7262813522355506e-05
an,2.7262813522355506e-05
jet,5.452562704471101e-05
gaz,0.00019083969465648855
ohe,2.7262813522355506e-05
joa,0.00010905125408942203
yer,0.00010905125408942203
law,2.7262813522355506e-05
kob,0.00016357688113413304
fli,0.00010905125408942203
prc,8.178844056706652e-05
diy,2.7262813522355506e-05
jud,0.0002998909487459106
deq,2.7262813522355506e-05
yal,2.7262813522355506e-05
hei,0.00016357688113413304
jal,0.00010905125408942203
lyt,5.452562704471101e-05
aef,2.7262813522355506e-05
pni,5.452562704471101e-05
kkk,5.452562704471101e-05
kac,5.452562704471101e-05
onz,2.7262813522355506e-05
gnr,5.452562704471101e-05
gns,5.452562704471101e-05
bfe,2.7262813522355506e-05
jyn,5.452562704471101e-05
way,5.452562704471101e-05
gea,2.7262813522355506e-05
jor,0.0002998909487459106
fia,0.00016357688113413304
lur,2.7262813522355506e-05
ria,2.7262813522355506e-05
opt,0.00010905125408942203
isu,2.7262813522355506e-05
ust,2.7262813522355506e-05
lxi,2.7262813522355506e-05
agh,2.7262813522355506e-05
ciz,8.178844056706652e-05
gac,8.178844056706652e-05
coh,0.00013631406761177754
una,5.452562704471101e-05
xta,5.452562704471101e-05
aar,5.452562704471101e-05
hmi,2.7262813522355506e-05
asd,0.00010905125408942203
hye,2.7262813522355506e-05
fee,2.7262813522355506e-05
yok,5.452562704471101e-05
ach,0.00016357688113413304
agd,2.7262813522355506e-05
bay,0.00010905125408942203
ulr,2.7262813522355506e-05
ebi,2.7262813522355506e-05
eau,2.7262813522355506e-05
jag,8.178844056706652e-05
deg,0.00021810250817884405
bah,0.0002726281352235551
ndj,5.452562704471101e-05
ovu,5.452562704471101e-05
twi,2.7262813522355506e-05
edg,0.00016357688113413304
jum,2.7262813522355506e-05
hef,2.7262813522355506e-05
prd,0.0002998909487459106
bbl,2.7262813522355506e-05
bf,2.7262813522355506e-05
bux,2.7262813522355506e-05
sve,5.452562704471101e-05
rav,5.452562704471101e-05
liq,0.00021810250817884405
oct,0.0003271537622682661
ivo,2.7262813522355506e-05
epa,8.178844056706652e-05
euf,5.452562704471101e-05
bau,0.00019083969465648855
tiq,2.7262813522355506e-05
pab,0.00010905125408942203
lir,0.00019083969465648855
j,2.7262813522355506e-05
ula,0.00010905125408942203
sid,0.0002453653217011996
sri,5.452562704471101e-05
pud,0.00016357688113413304
msa,8.178844056706652e-05
pti,0.00021810250817884405
nau,8.178844056706652e-05
scu,0.00016357688113413304
mrm,5.452562704471101e-05
nae,2.7262813522355506e-05
dau,0.00010905125408942203
adr,5.452562704471101e-05
cyb,2.7262813522355506e-05
ufa,2.7262813522355506e-05
hai,0.00010905125408942203
tex,0.00010905125408942203
euk,2.7262813522355506e-05
tlc,2.7262813522355506e-05
inu,0.00019083969465648855
zir,2.7262813522355506e-05
bao,0.00010905125408942203
sad,0.00016357688113413304
pup,2.7262813522355506e-05
gap,2.7262813522355506e-05
ahu,0.00010905125408942203
dos,0.00013631406761177754
jit,5.452562704471101e-05
mmi,2.7262813522355506e-05
fyo,2.7262813522355506e-05
pyo,2.7262813522355506e-05
lo,2.7262813522355506e-05
geg,5.452562704471101e-05
niv,0.00016357688113413304
yeh,2.7262813522355506e-05
puo,5.452562704471101e-05
kla,5.452562704471101e-05
lax,5.452562704471101e-05
kuw,2.7262813522355506e-05
ecl,0.00013631406761177754
prx,5.452562704471101e-05
kre,2.7262813522355506e-05
dap,5.452562704471101e-05
eps,2.7262813522355506e-05
yde,2.7262813522355506e-05
da,2.7262813522355506e-05
ncu,2.7262813522355506e-05
whe,2.7262813522355506e-05
hio,8.178844056706652e-05
boe,2.7262813522355506e-05
tni,0.00016357688113413304
vya,2.7262813522355506e-05
bow,8.178844056706652e-05
dai,0.00010905125408942203
hog,8.178844056706652e-05
lud,0.00013631406761177754
kus,2.7262813522355506e-05
myx,0.00021810250817884405
eup,8.178844056706652e-05
ruh,2.7262813522355506e-05
nou,5.452562704471101e-05
nrd,5.452562704471101e-05
nof,0.00010905125408942203
coj,2.7262813522355506e-05
eme,8.178844056706652e-05
cfc,2.7262813522355506e-05
jap,2.7262813522355506e-05
myl,5.452562704471101e-05
amm,8.178844056706652e-05
rbi,5.452562704471101e-05
ppu,5.452562704471101e-05
orb,5.452562704471101e-05
yob,2.7262813522355506e-05
muf,8.178844056706652e-05
ode,5.452562704471101e-05
ors,5.452562704471101e-05
tee,2.7262813522355506e-05
dgi,0.00016357688113413304
sio,0.00010905125408942203
fbu,2.7262813522355506e-05
mi5,2.7262813522355506e-05
vih,2.7262813522355506e-05
ker,8.178844056706652e-05
plo,0.00010905125408942203
mif,2.7262813522355506e-05
lel,2.7262813522355506e-05
yes,0.00010905125408942203
poz,5.452562704471101e-05
gib,0.00010905125408942203
bif,5.452562704471101e-05
low,5.452562704471101e-05
bip,5.452562704471101e-05
jaw,2.7262813522355506e-05
gon,0.00021810250817884405
lei,5.452562704471101e-05
efe,0.00021810250817884405
brg,2.7262813522355506e-05
nfa,5.452562704471101e-05
qed,2.7262813522355506e-05
ops,5.452562704471101e-05
dyl,5.452562704471101e-05
glc,2.7262813522355506e-05
aby,2.7262813522355506e-05
kri,8.178844056706652e-05
yle,2.7262813522355506e-05
oxg,2.7262813522355506e-05
buq,0.00013631406761177754
unn,5.452562704471101e-05
akv,2.7262813522355506e-05
tnt,5.452562704471101e-05
xip,5.452562704471101e-05
tut,0.00013631406761177754
uly,2.7262813522355506e-05
urb,0.00016357688113413304
rag,8.178844056706652e-05
efu,5.452562704471101e-05
ule,5.452562704471101e-05
cmp,5.452562704471101e-05
nod,0.0003544165757906216
kni,5.452562704471101e-05
alh,8.178844056706652e-05
20d,2.7262813522355506e-05
peu,2.7262813522355506e-05
fsf,2.7262813522355506e-05
goy,2.7262813522355506e-05
nul,5.452562704471101e-05
luj,0.00013631406761177754
inp,2.7262813522355506e-05
kaz,5.452562704471101e-05
c,5.452562704471101e-05
ncl,5.452562704471101e-05
agm,2.7262813522355506e-05
noh,5.452562704471101e-05
do,5.452562704471101e-05
uta,8.178844056706652e-05
jrr,2.7262813522355506e-05
tow,2.7262813522355506e-05
had,8.178844056706652e-05
cuq,2.7262813522355506e-05
ceo,5.452562704471101e-05
plc,2.7262813522355506e-05
anz,2.7262813522355506e-05
syd,2.7262813522355506e-05
dad,0.00019083969465648855
oer,5.452562704471101e-05
tif,5.452562704471101e-05
nys,5.452562704471101e-05
aew,2.7262813522355506e-05
veb,2.7262813522355506e-05
fah,2.7262813522355506e-05
ta,2.7262813522355506e-05
syl,0.00016357688113413304
aoj,5.452562704471101e-05
rip,2.7262813522355506e-05
ail,5.452562704471101e-05
knu,5.452562704471101e-05
cmo,5.452562704471101e-05
dou,0.00010905125408942203
smy,2.7262813522355506e-05
imo,2.7262813522355506e-05
heb,5.452562704471101e-05
owe,8.178844056706652e-05
dbi,5.452562704471101e-05
yat,2.7262813522355506e-05
lup,2.7262813522355506e-05
spl,5.452562704471101e-05
vct,5.452562704471101e-05
sav,8.178844056706652e-05
24d,2.7262813522355506e-05
t,5.452562704471101e-05
zim,8.178844056706652e-05
hya,8.178844056706652e-05
obv,8.178844056706652e-05
lov,2.7262813522355506e-05
cf,2.7262813522355506e-05
nab,5.452562704471101e-05
uve,2.7262813522355506e-05
ogr,2.7262813522355506e-05
qat,2.7262813522355506e-05
wei,2.7262813522355506e-05
urd,8.178844056706652e-05
ir,2.7262813522355506e-05
en,5.452562704471101e-05
old,5.452562704471101e-05
pey,2.7262813522355506e-05
toz,5.452562704471101e-05
onc,8.178844056706652e-05
pae,5.452562704471101e-05
acs,5.452562704471101e-05
esm,0.00010905125408942203
yag,5.452562704471101e-05
tuc,2.7262813522355506e-05
wis,8.178844056706652e-05
row,2.7262813522355506e-05
wte,2.7262813522355506e-05
csl,2.7262813522355506e-05
hez,2.7262813522355506e-05
qus,2.7262813522355506e-05
thw,2.7262813522355506e-05
fae,2.7262813522355506e-05
wc,5.452562704471101e-05
sog,2.7262813522355506e-05
rar,8.178844056706652e-05
aed,5.452562704471101e-05
vsp,5.452562704471101e-05
lza,2.7262813522355506e-05
nub,0.00019083969465648855
aol,2.7262813522355506e-05
ssi,2.7262813522355506e-05
mri,2.7262813522355506e-05
kog,2.7262813522355506e-05
jem,2.7262813522355506e-05
eil,2.7262813522355506e-05
tuy,2.7262813522355506e-05
phl,5.452562704471101e-05
rya,2.7262813522355506e-05
zae,2.7262813522355506e-05
zho,5.452562704471101e-05
iot,2.7262813522355506e-05
koh,2.7262813522355506e-05
arl,2.7262813522355506e-05
olb,2.7262813522355506e-05
yog,2.7262813522355506e-05
ilg,2.7262813522355506e-05
cns,2.7262813522355506e-05
lge,2.7262813522355506e-05
rog,0.00019083969465648855
exn,2.7262813522355506e-05
bia,2.7262813522355506e-05
bak,2.7262813522355506e-05
stl,2.7262813522355506e-05
aph,8.178844056706652e-05
ndo,2.7262813522355506e-05
plt,5.452562704471101e-05
nca,2.7262813522355506e-05
lri,2.7262813522355506e-05
mdi,2.7262813522355506e-05
pbi,5.452562704471101e-05
alk,2.7262813522355506e-05
xen,0.00010905125408942203
erl,2.7262813522355506e-05
zoz,2.7262813522355506e-05
jed,2.7262813522355506e-05
kub,5.452562704471101e-05
rug,5.452562704471101e-05
esk,2.7262813522355506e-05
sui,0.00013631406761177754
aun,5.452562704471101e-05
avo,5.452562704471101e-05
ibi,2.7262813522355506e-05
swe,5.452562704471101e-05
wcf,2.7262813522355506e-05
fry,2.7262813522355506e-05
hud,5.452562704471101e-05
enb,8.178844056706652e-05
wul,2.7262813522355506e-05
tmp,2.7262813522355506e-05
ijt,2.7262813522355506e-05
heu,2.7262813522355506e-05
dry,0.00016357688113413304
lyo,5.452562704471101e-05
vej,8.178844056706652e-05
omi,8.178844056706652e-05
voz,5.452562704471101e-05
lte,2.7262813522355506e-05
uma,5.452562704471101e-05
hli,5.452562704471101e-05
oom,2.7262813522355506e-05
ccu,2.7262813522355506e-05
ebr,5.452562704471101e-05
ocr,2.7262813522355506e-05
vnc,2.7262813522355506e-05
kha,5.452562704471101e-05
amr,5.452562704471101e-05
lgu,5.452562704471101e-05
wat,5.452562704471101e-05
pyt,5.452562704471101e-05
adq,5.452562704471101e-05
gun,5.452562704471101e-05
ieo,2.7262813522355506e-05
ok,2.7262813522355506e-05
soa,5.452562704471101e-05
afn,5.452562704471101e-05
dho,5.452562704471101e-05
ddi,2.7262813522355506e-05
lyr,2.7262813522355506e-05
pst,2.7262813522355506e-05
kno,2.7262813522355506e-05
sib,8.178844056706652e-05
kas,5.452562704471101e-05
exq,5.452562704471101e-05
fou,2.7262813522355506e-05
eph,0.00016357688113413304
nev,0.00016357688113413304
esl,8.178844056706652e-05
bsi,5.452562704471101e-05
bap,5.452562704471101e-05
no,2.7262813522355506e-05
glt,0.00013631406761177754
elv,5.452562704471101e-05
ogd,2.7262813522355506e-05
kay,5.452562704471101e-05
hap,5.452562704471101e-05
bln,2.7262813522355506e-05
epr,5.452562704471101e-05
snc,2.7262813522355506e-05
iar,2.7262813522355506e-05
kaf,2.7262813522355506e-05
loe,5.452562704471101e-05
tog,5.452562704471101e-05
pao,8.178844056706652e-05
gb,2.7262813522355506e-05
drc,2.7262813522355506e-05
17d,2.7262813522355506e-05
hub,2.7262813522355506e-05
axi,8.178844056706652e-05
ams,2.7262813522355506e-05
l,2.7262813522355506e-05
eer,2.7262813522355506e-05
coq,2.7262813522355506e-05
wso,2.7262813522355506e-05
wea,2.7262813522355506e-05
ler,5.452562704471101e-05
ev,2.7262813522355506e-05
mpe,2.7262813522355506e-05
kiw,2.7262813522355506e-05
quo,5.452562704471101e-05
mtr,5.452562704471101e-05
aum,0.00010905125408942203
plv,2.7262813522355506e-05
mey,5.452562704471101e-05
yac,5.452562704471101e-05
kuk,8.178844056706652e-05
anw,5.452562704471101e-05
ceg,2.7262813522355506e-05
cio,2.7262813522355506e-05
reo,0.00010905125408942203
niq,2.7262813522355506e-05
fha,2.7262813522355506e-05
keb,2.7262813522355506e-05
tui,2.7262813522355506e-05
uca,2.7262813522355506e-05
grn,2.7262813522355506e-05
rmo,2.7262813522355506e-05
edr,2.7262813522355506e-05
dot,8.178844056706652e-05
gti,2.7262813522355506e-05
reh,0.00016357688113413304
rur,5.452562704471101e-05
fem,0.00013631406761177754
aru,8.178844056706652e-05
isi,2.7262813522355506e-05
tiu,2.7262813522355506e-05
okl,2.7262813522355506e-05
otu,2.7262813522355506e-05
beg,2.7262813522355506e-05
sra,2.7262813522355506e-05
twe,2.7262813522355506e-05
mok,2.7262813522355506e-05
nob,8.178844056706652e-05
dij,2.7262813522355506e-05
ath,5.452562704471101e-05
tep,5.452562704471101e-05
zel,2.7262813522355506e-05
xyr,5.452562704471101e-05
xx,2.7262813522355506e-05
gno,2.7262813522355506e-05
eud,5.452562704471101e-05
tla,5.452562704471101e-05
kro,2.7262813522355506e-05
am,5.452562704471101e-05
pyc,2.7262813522355506e-05
muw,2.7262813522355506e-05
jau,2.7262813522355506e-05
bei,5.452562704471101e-05
phr,2.7262813522355506e-05
mbi,5.452562704471101e-05
sbi,2.7262813522355506e-05
yev,2.7262813522355506e-05
jih,2.7262813522355506e-05
url,5.452562704471101e-05
mba,5.452562704471101e-05
chf,2.7262813522355506e-05
eso,8.178844056706652e-05
zyd,2.7262813522355506e-05
bem,2.7262813522355506e-05
osq,2.7262813522355506e-05
kva,5.452562704471101e-05
tok,2.7262813522355506e-05
gly,8.178844056706652e-05
csp,2.7262813522355506e-05
oji,2.7262813522355506e-05
lys,5.452562704471101e-05
maa,5.452562704471101e-05
dm,2.7262813522355506e-05
x,5.452562704471101e-05
dug,5.452562704471101e-05
iou,2.7262813522355506e-05
kyp,5.452562704471101e-05
dit,2.7262813522355506e-05
hgw,2.7262813522355506e-05
aln,2.7262813522355506e-05
hay,5.452562704471101e-05
txi,2.7262813522355506e-05
adc,2.7262813522355506e-05
foi,2.7262813522355506e-05
yav,2.7262813522355506e-05
orf,5.452562704471101e-05
hbe,2.7262813522355506e-05
dci,5.452562704471101e-05
ua,2.7262813522355506e-05
koc,2.7262813522355506e-05
ezr,2.7262813522355506e-05
lqu,2.7262813522355506e-05
ng,2.7262813522355506e-05
biz,2.7262813522355506e-05
opr,8.178844056706652e-05
sym,8.178844056706652e-05
geu,5.452562704471101e-05
lro,2.7262813522355506e-05
taf,2.7262813522355506e-05
app,5.452562704471101e-05
saj,8.178844056706652e-05
bye,5.452562704471101e-05
nfu,2.7262813522355506e-05
ndu,2.7262813522355506e-05
aze,2.7262813522355506e-05
pow,2.7262813522355506e-05
tue,5.452562704471101e-05
loq,2.7262813522355506e-05
yaj,5.452562704471101e-05
dud,0.00010905125408942203
oka,5.452562704471101e-05
adl,0.00010905125408942203
moj,0.00013631406761177754
huc,8.178844056706652e-05
riz,8.178844056706652e-05
spu,2.7262813522355506e-05
azt,2.7262813522355506e-05
vae,2.7262813522355506e-05
oya,2.7262813522355506e-05
bid,5.452562704471101e-05
cud,5.452562704471101e-05
aam,2.7262813522355506e-05
cny,2.7262813522355506e-05
wwj,2.7262813522355506e-05
egr,2.7262813522355506e-05
duo,5.452562704471101e-05
cps,8.178844056706652e-05
und,5.452562704471101e-05
r,2.7262813522355506e-05
dct,5.452562704471101e-05
amu,8.178844056706652e-05
puf,5.452562704471101e-05
dak,5.452562704471101e-05
eac,2.7262813522355506e-05
atu,8.178844056706652e-05
cmi,8.178844056706652e-05
tuf,2.7262813522355506e-05
baq,2.7262813522355506e-05
sfo,2.7262813522355506e-05
vaa,5.452562704471101e-05
fbi,5.452562704471101e-05
de,2.7262813522355506e-05
kim,2.7262813522355506e-05
nea,2.7262813522355506e-05
idi,0.00013631406761177754
vto,2.7262813522355506e-05
unt,8.178844056706652e-05
cni,5.452562704471101e-05
mns,2.7262813522355506e-05
loo,5.452562704471101e-05
19d,2.7262813522355506e-05
biu,2.7262813522355506e-05
nup,2.7262813522355506e-05
ads,2.7262813522355506e-05
vod,5.452562704471101e-05
dvd,2.7262813522355506e-05
hme,5.452562704471101e-05
fta,2.7262813522355506e-05
hnd,2.7262813522355506e-05
hoa,5.452562704471101e-05
nag,2.7262813522355506e-05
uxo,5.452562704471101e-05
adp,2.7262813522355506e-05
q,5.452562704471101e-05
enz,5.452562704471101e-05
g,2.7262813522355506e-05
auf,2.7262813522355506e-05
gaj,2.7262813522355506e-05
lr,2.7262813522355506e-05
tse,5.452562704471101e-05
als,2.7262813522355506e-05
oof,5.452562704471101e-05
tew,2.7262813522355506e-05
nud,0.00013631406761177754
daf,2.7262813522355506e-05
stj,2.7262813522355506e-05
eln,2.7262813522355506e-05
pta,2.7262813522355506e-05
exf,2.7262813522355506e-05
bry,0.00010905125408942203
ofu,5.452562704471101e-05
fbr,5.452562704471101e-05
sas,8.178844056706652e-05
hat,0.00010905125408942203
orp,2.7262813522355506e-05
ers,2.7262813522355506e-05
pid,2.7262813522355506e-05
hea,2.7262813522355506e-05
wak,2.7262813522355506e-05
hof,2.7262813522355506e-05
wys,2.7262813522355506e-05
naw,2.7262813522355506e-05
jpm,2.7262813522355506e-05
boq,5.452562704471101e-05
flc,2.7262813522355506e-05
cak,2.7262813522355506e-05
irj,2.7262813522355506e-05
fhl,2.7262813522355506e-05
saz,5.452562704471101e-05
xyl,2.7262813522355506e-05
gym,5.452562704471101e-05
uji,2.7262813522355506e-05
nol,2.7262813522355506e-05
jua,2.7262813522355506e-05
22,2.7262813522355506e-05
biv,5.452562704471101e-05
tad,0.00010905125408942203
lst,2.7262813522355506e-05
cdr,2.7262813522355506e-05
cem,0.00010905125408942203
rtu,2.7262813522355506e-05
arz,2.7262813522355506e-05
asq,5.452562704471101e-05
xil,5.452562704471101e-05
uhf,2.7262813522355506e-05
pbu,2.7262813522355506e-05
cmu,2.7262813522355506e-05
doo,2.7262813522355506e-05
h,5.452562704471101e-05
elp,5.452562704471101e-05
fov,2.7262813522355506e-05
sn,2.7262813522355506e-05
mop,2.7262813522355506e-05
gag,2.7262813522355506e-05
vad,5.452562704471101e-05
dum,5.452562704471101e-05
lux,2.7262813522355506e-05
oye,2.7262813522355506e-05
pej,2.7262813522355506e-05
pad,0.00019083969465648855
cte,8.178844056706652e-05
zue,2.7262813522355506e-05
cow,2.7262813522355506e-05
yak,2.7262813522355506e-05
sno,5.452562704471101e-05
gaw,2.7262813522355506e-05
yun,2.7262813522355506e-05
aim,2.7262813522355506e-05
eim,2.7262813522355506e-05
wby,2.7262813522355506e-05
nir,2.7262813522355506e-05
zoc,2.7262813522355506e-05
o,2.7262813522355506e-05
dhl,2.7262813522355506e-05
noj,5.452562704471101e-05
dex,5.452562704471101e-05
bey,2.7262813522355506e-05
cta,2.7262813522355506e-05
vez,2.7262813522355506e-05
bme,2.7262813522355506e-05
ush,2.7262813522355506e-05
vme,2.7262813522355506e-05
ghi,2.7262813522355506e-05
viu,5.452562704471101e-05
rni,2.7262813522355506e-05
cil,0.00010905125408942203
naa,2.7262813522355506e-05
tux,2.7262813522355506e-05
olo,2.7262813522355506e-05
seu,2.7262813522355506e-05
diw,2.7262813522355506e-05
kam,5.452562704471101e-05
lce,8.178844056706652e-05
ida,2.7262813522355506e-05
wam,2.7262813522355506e-05
fsi,8.178844056706652e-05
feo,5.452562704471101e-05
raj,2.7262813522355506e-05
u,2.7262813522355506e-05
izq,8.178844056706652e-05
mni,2.7262813522355506e-05
hbr,5.452562704471101e-05
sva,2.7262813522355506e-05
tuj,2.7262813522355506e-05
hiz,2.7262813522355506e-05
ita,5.452562704471101e-05
ewm,2.7262813522355506e-05
nte,2.7262813522355506e-05
dah,2.7262813522355506e-05
fly,2.7262813522355506e-05
snt,5.452562704471101e-05
olf,0.00010905125408942203
piq,2.7262813522355506e-05
rpl,5.452562704471101e-05
pyx,2.7262813522355506e-05
kic,2.7262813522355506e-05
olm,5.452562704471101e-05
hav,2.7262813522355506e-05
frn,2.7262813522355506e-05
oco,2.7262813522355506e-05
riq,2.7262813522355506e-05
z,2.7262813522355506e-05
oqu,2.7262813522355506e-05
tij,2.7262813522355506e-05
sku,2.7262813522355506e-05
ghr,2.7262813522355506e-05
fcu,2.7262813522355506e-05
taj,0.00010905125408942203
oxf,5.452562704471101e-05
svi,2.7262813522355506e-05
epf,2.7262813522355506e-05
fom,5.452562704471101e-05
otl,2.7262813522355506e-05
uto,5.452562704471101e-05
ehh,2.7262813522355506e-05
omn,2.7262813522355506e-05
ake,2.7262813522355506e-05
lbr,2.7262813522355506e-05
iro,8.178844056706652e-05
anq,2.7262813522355506e-05
tmi,2.7262813522355506e-05
kyz,2.7262813522355506e-05
hlm,2.7262813522355506e-05
hg,2.7262813522355506e-05
lsc,2.7262813522355506e-05
psy,2.7262813522355506e-05
kaw,2.7262813522355506e-05
d,5.452562704471101e-05
rok,2.7262813522355506e-05
lif,2.7262813522355506e-05
bbk,2.7262813522355506e-05
ets,2.7262813522355506e-05
bvi,2.7262813522355506e-05
rio,2.7262813522355506e-05
pix,2.7262813522355506e-05
wch,2.7262813522355506e-05
blt,2.7262813522355506e-05
dop,8.178844056706652e-05
uln,2.7262813522355506e-05
orv,2.7262813522355506e-05
zet,8.178844056706652e-05
juk,2.7262813522355506e-05
arp,0.00010905125408942203
rau,2.7262813522355506e-05
nge,8.178844056706652e-05
hui,8.178844056706652e-05
piv,5.452562704471101e-05
fsc,2.7262813522355506e-05
dfi,8.178844056706652e-05
rgu,2.7262813522355506e-05
chc,2.7262813522355506e-05
sey,2.7262813522355506e-05
hga,2.7262813522355506e-05
duq,2.7262813522355506e-05
plp,5.452562704471101e-05
efr,2.7262813522355506e-05
naf,5.452562704471101e-05
moq,2.7262813522355506e-05
ote,5.452562704471101e-05
ex,2.7262813522355506e-05
see,2.7262813522355506e-05
jad,2.7262813522355506e-05
hro,2.7262813522355506e-05
unl,2.7262813522355506e-05
kua,2.7262813522355506e-05
zag,2.7262813522355506e-05
w,2.7262813522355506e-05
suz,2.7262813522355506e-05
cln,8.178844056706652e-05
inb,2.7262813522355506e-05
fak,2.7262813522355506e-05
upt,2.7262813522355506e-05
lmp,0.00013631406761177754
vst,2.7262813522355506e-05
ank,5.452562704471101e-05
eba,2.7262813522355506e-05
aix,2.7262813522355506e-05
isg,2.7262813522355506e-05
zoy,2.7262813522355506e-05
paq,8.178844056706652e-05
os,2.7262813522355506e-05
mij,2.7262813522355506e-05
mti,2.7262813522355506e-05
ert,2.7262813522355506e-05
jjh,2.7262813522355506e-05
bov,5.452562704471101e-05
k,2.7262813522355506e-05
frt,2.7262813522355506e-05
bit,2.7262813522355506e-05
lca,2.7262813522355506e-05
vay,2.7262813522355506e-05
tat,8.178844056706652e-05
5fl,2.7262813522355506e-05
caa,0.00010905125408942203
irs,0.00010905125408942203
vlu,2.7262813522355506e-05
wag,8.178844056706652e-05
nay,2.7262813522355506e-05
sez,2.7262813522355506e-05
muk,2.7262813522355506e-05
dg,2.7262813522355506e-05
roa,5.452562704471101e-05
feh,2.7262813522355506e-05
lb,2.7262813522355506e-05
vud,2.7262813522355506e-05
gos,2.7262813522355506e-05
hiy,2.7262813522355506e-05
irn,2.7262813522355506e-05
agg,2.7262813522355506e-05
oxm,2.7262813522355506e-05
duk,5.452562704471101e-05
agk,2.7262813522355506e-05
trt,2.7262813522355506e-05
aki,2.7262813522355506e-05
gje,2.7262813522355506e-05
aot,2.7262813522355506e-05
iti,2.7262813522355506e-05
odd,2.7262813522355506e-05
faz,2.7262813522355506e-05
mrt,2.7262813522355506e-05
drd,2.7262813522355506e-05
eis,2.7262813522355506e-05
jaf,2.7262813522355506e-05
god,5.452562704471101e-05
eul,5.452562704471101e-05
yud,2.7262813522355506e-05
hey,2.7262813522355506e-05
aid,2.7262813522355506e-05
phd,2.7262813522355506e-05
eun,2.7262813522355506e-05
wog,2.7262813522355506e-05
zeb,2.7262813522355506e-05
vli,2.7262813522355506e-05
dlm,2.7262813522355506e-05
nj,2.7262813522355506e-05
dsp,2.7262813522355506e-05
hou,2.7262813522355506e-05
eeu,5.452562704471101e-05
rof,2.7262813522355506e-05
hul,2.7262813522355506e-05
asl,2.7262813522355506e-05
yay,2.7262813522355506e-05
ica,2.7262813522355506e-05
m1,2.7262813522355506e-05
ggo,2.7262813522355506e-05
myo,8.178844056706652e-05
puc,5.452562704471101e-05
mjo,2.7262813522355506e-05
100,2.7262813522355506e-05
nct,2.7262813522355506e-05
img,2.7262813522355506e-05
aje,2.7262813522355506e-05
tov,2.7262813522355506e-05
tuz,2.7262813522355506e-05
rnu,2.7262813522355506e-05
wai,2.7262813522355506e-05
naj,2.7262813522355506e-05
gee,2.7262813522355506e-05
aik,2.7262813522355506e-05
eye,2.7262813522355506e-05
lci,2.7262813522355506e-05
vip,5.452562704471101e-05
nqu,2.7262813522355506e-05
pca,2.7262813522355506e-05
eir,2.7262813522355506e-05
zaf,2.7262813522355506e-05
ao,2.7262813522355506e-05
yot,5.452562704471101e-05
wyn,2.7262813522355506e-05
ftb,5.452562704471101e-05
pct,2.7262813522355506e-05
qun,2.7262813522355506e-05
yea,2.7262813522355506e-05
pi,2.7262813522355506e-05
gaf,2.7262813522355506e-05
hoo,2.7262813522355506e-05
ash,2.7262813522355506e-05
teu,2.7262813522355506e-05
fst,2.7262813522355506e-05
bnk,2.7262813522355506e-05
kom,2.7262813522355506e-05
ts,2.7262813522355506e-05
kuc,2.7262813522355506e-05
epe,2.7262813522355506e-05
cyd,2.7262813522355506e-05
rba,2.7262813522355506e-05
si,2.7262813522355506e-05
meo,2.7262813522355506e-05
kli,5.452562704471101e-05
oth,2.7262813522355506e-05
gog,2.7262813522355506e-05
4wd,2.7262813522355506e-05
ony,2.7262813522355506e-05
p,2.7262813522355506e-05
fne,2.7262813522355506e-05
vrg,2.7262813522355506e-05
pqu,2.7262813522355506e-05
esd,2.7262813522355506e-05
oas,2.7262813522355506e-05
wav,2.7262813522355506e-05
ilm,2.7262813522355506e-05
cbi,2.7262813522355506e-05
ar,2.7262813522355506e-05
ceu,2.7262813522355506e-05
feb,2.7262813522355506e-05
wur,2.7262813522355506e-05
gna,2.7262813522355506e-05
daw,5.452562704471101e-05
aao,2.7262813522355506e-05
drm,2.7262813522355506e-05
wra,2.7262813522355506e-05
kuf,2.7262813522355506e-05
kip,2.7262813522355506e-05
lyg,2.7262813522355506e-05
cys,2.7262813522355506e-05
yux,5.452562704471101e-05
kns,2.7262813522355506e-05
rej,5.452562704471101e-05
gae,2.7262813522355506e-05
mex,2.7262813522355506e-05
bum,2.7262813522355506e-05
uru,2.7262813522355506e-05
cly,2.7262813522355506e-05
tne,5.452562704471101e-05
tyl,2.7262813522355506e-05
thi,5.452562704471101e-05
kle,5.452562704471101e-05
ofo,2.7262813522355506e-05
nmi,2.7262813522355506e-05
amy,2.7262813522355506e-05
rjm,2.7262813522355506e-05
aeg,2.7262813522355506e-05
urn,2.7262813522355506e-05
you,5.452562704471101e-05
odm,2.7262813522355506e-05
wyl,5.452562704471101e-05
clr,2.7262813522355506e-05
enq,2.7262813522355506e-05
cvi,2.7262813522355506e-05
paz,5.452562704471101e-05
ucp,2.7262813522355506e-05
4de,2.7262813522355506e-05
atm,5.452562704471101e-05
aja,5.452562704471101e-05
moi,2.7262813522355506e-05
geh,2.7262813522355506e-05
fox,5.452562704471101e-05
kod,2.7262813522355506e-05
buh,2.7262813522355506e-05
puj,2.7262813522355506e-05
sc,2.7262813522355506e-05
cej,2.7262813522355506e-05
h2o,2.7262813522355506e-05
kia,2.7262813522355506e-05
qul,2.7262813522355506e-05
dwg,2.7262813522355506e-05
who,2.7262813522355506e-05
pnd,5.452562704471101e-05
brj,2.7262813522355506e-05
ehf,2.7262813522355506e-05
aet,2.7262813522355506e-05
rti,2.7262813522355506e-05
hpt,2.7262813522355506e-05
itr,2.7262813522355506e-05
ept,2.7262813522355506e-05
etc,2.7262813522355506e-05
ahn,2.7262813522355506e-05
tsa,2.7262813522355506e-05
ede,2.7262813522355506e-05
shf,2.7262813522355506e-05
chv,2.7262813522355506e-05
ila,2.7262813522355506e-05
psa,2.7262813522355506e-05
lga,2.7262813522355506e-05
wer,2.7262813522355506e-05
rqu,2.7262813522355506e-05
fmu,2.7262813522355506e-05
cva,2.7262813522355506e-05
vee,2.7262813522355506e-05
n,2.7262813522355506e-05
aff,2.7262813522355506e-05
wtv,2.7262813522355506e-05
hyt,2.7262813522355506e-05
lse,2.7262813522355506e-05
pem,5.452562704471101e-05
rfe,2.7262813522355506e-05
bup,2.7262813522355506e-05
pld,5.452562704471101e-05
kum,2.7262813522355506e-05
yhv,2.7262813522355506e-05
gug,2.7262813522355506e-05
clm,2.7262813522355506e-05
idl,2.7262813522355506e-05
ulm,2.7262813522355506e-05
exj,2.7262813522355506e-05
ivy,2.7262813522355506e-05
juj,2.7262813522355506e-05
kao,2.7262813522355506e-05
dus,2.7262813522355506e-05
144,2.7262813522355506e-05
cto,2.7262813522355506e-05
orl,2.7262813522355506e-05
brb,2.7262813522355506e-05
nya,2.7262813522355506e-05
oir,2.7262813522355506e-05
taa,2.7262813522355506e-05
fad,2.7262813522355506e-05
anr,2.7262813522355506e-05
fob,2.7262813522355506e-05
zoa,5.452562704471101e-05
sij,2.7262813522355506e-05
pci,2.7262813522355506e-05
oke,2.7262813522355506e-05
syr,2.7262813522355506e-05
onr,2.7262813522355506e-05
hob,2.7262813522355506e-05
isq,2.7262813522355506e-05
mch,2.7262813522355506e-05
gum,2.7262813522355506e-05
drs,2.7262813522355506e-05
vte,2.7262813522355506e-05
vmi,2.7262813522355506e-05
abb,2.7262813522355506e-05
ool,2.7262813522355506e-05
gnd,2.7262813522355506e-05
lmm,2.7262813522355506e-05
sme,2.7262813522355506e-05
ibe,2.7262813522355506e-05
eub,2.7262813522355506e-05
emt,2.7262813522355506e-05
prt,2.7262813522355506e-05
ccl,2.7262813522355506e-05
asm,2.7262813522355506e-05
zoq,2.7262813522355506e-05
a,2.7262813522355506e-05
mru,2.7262813522355506e-05
aal,2.7262813522355506e-05
alx,2.7262813522355506e-05
rbu,2.7262813522355506e-05
mlt,2.7262813522355506e-05
ny,2.7262813522355506e-05
ya,2.7262813522355506e-05
fm,2.7262813522355506e-05
elh,2.7262813522355506e-05
kos,2.7262813522355506e-05
ise,2.7262813522355506e-05
nfo,2.7262813522355506e-05
nai,2.7262813522355506e-05
piu,2.7262813522355506e-05
beh,2.7262813522355506e-05
pgw,2.7262813522355506e-05
hsa,2.7262813522355506e-05
xde,2.7262813522355506e-05
etr,2.7262813522355506e-05
29d,2.7262813522355506e-05
jmb,2.7262813522355506e-05
out,2.7262813522355506e-05
mne,2.7262813522355506e-05
